x_var,y_var,point,diff_x,diff_y,distance,theta,diff_theta,cumulative_distance,r,cumulative_distance_10_actual,cumulative_distance_10_dummy,height,diff_height,_merge,grade
11.795107,5.9276943,1,0,0,0,,0,0,50000,0,0,.091304347,0,Matched (3),0
11.835295,5.9076004,2,.040187836,-.020093918,.046142969,2.0344439,0,.046142969,50000,.46142969,0,.091304347,0,Matched (3),0
11.895576,5.8674126,3,.060281754,-.040187836,.074403301,2.1587989,.12435508,.12054627,.59831333,1.2054627,1,.10434783,.013043486,Matched (3),.17530788
11.955858,5.8272247,4,.060281754,-.040187836,.074403301,2.1587989,0,.19494957,50000,1.9494957,1,.10434783,.013043486,Matched (3),.17530788
12.016139,5.8071308,5,.0602808,-.020093918,.065255083,1.8925517,-.26624727,.26020464,.24509202,2.6020465,2,.091304347,-.013043486,Matched (3),-.19988459
12.076421,5.766943,6,.060281754,-.040187836,.074403301,2.1587989,.26624727,.33460796,.27945188,3.3460796,3,.1173913,.026086956,Matched (3),.35061559
12.136703,5.7267556,7,.060281754,-.040187359,.074403025,2.1587934,-5.4836273e-06,.40901098,13568.213,4.0901098,4,.14347826,.026086956,Matched (3),.35061687
12.17689,5.6865678,8,.040187836,-.040187836,.058366749,2.3561945,.19740105,.46737772,.29567599,4.6737771,4,.14347826,.026086956,Matched (3),.44694895
12.196984,5.626286,9,.020093918,-.060281754,.065256007,2.8198421,.4636476,.53263372,.14074484,5.3263373,5,.13043478,-.013043478,Matched (3),-.19988164
12.237172,5.5860982,10,.040187836,-.040187836,.058366749,2.3561945,-.4636476,.5910005,.12588601,5.9100051,5,.13043478,-.013043478,Matched (3),-.22347447
12.297454,5.5459104,11,.060281754,-.040187836,.074403301,2.1587989,-.19739556,.66540378,.3769249,6.654038,6,.1173913,-.013043478,Matched (3),-.1753078
12.357736,5.5057225,12,.060281754,-.040187836,.074403301,2.1587989,0,.73980707,50000,7.3980708,7,.1173913,0,Matched (3),0
12.418017,5.4856291,13,.060281754,-.020093441,.065255851,1.8925397,-.26625919,.80506295,.24508393,8.0506296,8,.1173913,0,Matched (3),0
12.478298,5.4454412,14,.0602808,-.040187836,.074402481,2.1588063,.26626658,.8794654,.27942854,8.7946539,8,.1173913,0,Matched (3),0
12.53858,5.4253473,15,.060281754,-.020093918,.065256007,1.8925469,-.26625943,.9447214,.2450843,9.4472141,9,.13043478,.013043478,Matched (3),.19988164
12.598862,5.4052534,16,.060281754,-.020093918,.065256007,1.8925469,0,1.0099775,50000,10.099774,10,.13043478,0,Matched (3),0
12.679237,5.3851595,17,.080375671,-.020093918,.085083425,1.815775,-.076771855,1.0950608,1.1082633,10.950608,10,.13043478,0,Matched (3),0
12.759613,5.3449717,18,.080375671,-.040187836,.092285939,2.0344439,.21866882,1.1873468,.42203519,11.873468,11,.13043478,0,Matched (3),0
12.819895,5.3248777,19,.060281754,-.020093918,.065256007,1.8925469,-.14189696,1.2526028,.45988303,12.526028,12,.1173913,-.013043478,Matched (3),-.19988164
12.880177,5.3047838,20,.060281754,-.020093918,.065256007,1.8925469,0,1.3178588,50000,13.178588,13,.1173913,0,Matched (3),0
12.940457,5.2846899,21,.0602808,-.020093918,.065255083,1.8925517,4.7683716e-06,1.3831139,13684.982,13.831139,13,.1173913,0,Matched (3),0
13.020833,5.2846899,22,.080375671,0,.082543045,1.5707964,-.32175529,1.465657,.25653982,14.65657,14,.13043478,.013043478,Matched (3),.15802032
13.040927,5.3449717,23,.020093918,.060281754,.065256007,.32175055,-1.2490458,1.530913,.052244686,15.30913,15,.14347826,.013043478,Matched (3),.19988164
13.000739,5.3851595,24,-.040187836,.040187836,.058366749,-.78539819,-1.1071488,1.5892797,.052718073,15.892797,15,.14347826,.013043478,Matched (3),.22347447
12.940457,5.4253473,25,-.060281754,.040187836,.074403301,-.98279375,-.19739556,1.6636829,.3769249,16.636829,16,.15652174,.013043478,Matched (3),.1753078
12.880177,5.4856291,26,-.0602808,.060281754,.087549433,-.78539026,.19740349,1.7512324,.44350499,17.512323,17,.15652174,0,Matched (3),0
12.819895,5.5459104,27,-.060281754,.060281277,.087549776,-.78540212,-.000011861324,1.8387822,7381.1133,18.387821,18,.14347826,-.013043478,Matched (3),-.14898357
12.779707,5.5860982,28,-.040187836,.040187836,.058366749,-.78539819,3.9339066e-06,1.897149,14836.842,18.971489,18,.14347826,-.013043478,Matched (3),-.22347447
12.719425,5.6463799,29,-.060281754,.060281754,.087550119,-.78539819,0,1.9846991,50000,19.846991,19,.13043478,-.013043478,Matched (3),-.14898299
12.659143,5.7066617,30,-.060281754,.060281754,.087550119,-.78539819,0,2.0722492,50000,20.722492,20,.1173913,-.013043478,Matched (3),-.14898299
12.618956,5.7468491,31,-.040187836,.040187359,.058366403,-.78540409,-5.9008598e-06,2.1306157,9891.1689,21.306156,21,.1173913,0,Matched (3),0
12.578768,5.8071308,32,-.040187836,.060281754,.074403301,-.58800262,.19740146,2.205019,.37691364,22.05019,22,.10434783,-.013043471,Matched (3),-.17530769
12.558674,5.8875065,33,-.020093918,.080375671,.085083425,-.24497867,.34302396,2.2901022,.24803931,22.901022,22,.10434783,-.013043471,Matched (3),-.15330213
12.558674,5.9678822,34,0,.080375671,.082543045,0,.24497867,2.3726454,.33693972,23.726454,23,.10434783,0,Matched (3),0
12.53858,6.0683513,35,-.020093918,.10046911,.10522167,-.19739647,-.19739647,2.4778671,.53304738,24.778671,24,.10434783,0,Matched (3),0
12.518486,6.1487269,36,-.020093918,.080375671,.085083425,-.24497867,-.047582194,2.5629504,1.7881358,25.629503,25,.091304347,-.013043486,Matched (3),-.15330231
12.438111,6.1487269,37,-.080374718,0,.082542069,-1.5707964,-1.3258177,2.6454926,.06225748,26.454926,26,.091304347,0,Matched (3),0
12.37783,6.1487269,38,-.060281754,0,.061907288,-1.5707964,0,2.7073998,50000,27.073997,27,.078260869,-.013043478,Matched (3),-.21069375
12.317548,6.1487269,39,-.060281754,0,.061907288,-1.5707964,0,2.7693071,50000,27.693071,27,.078260869,-.013043478,Matched (3),-.21069375
12.297454,6.2090087,40,-.020093918,.060281754,.065256007,-.32175055,1.2490458,2.834563,.052244686,28.345631,28,.065217391,-.013043478,Matched (3),-.19988164
12.297454,6.3094778,41,0,.10046911,.10317832,0,.32175055,2.9377415,.320678,29.377415,29,.065217391,0,Matched (3),0
12.27736,6.3496656,42,-.020093918,.040187836,.046142969,-.4636476,-.4636476,2.9838843,.099521637,29.838844,29,.065217391,0,Matched (3),0
12.27736,6.4300413,43,0,.080375671,.082543045,0,.4636476,3.0664275,.1780297,30.664274,30,.065217391,0,Matched (3),0
12.27736,6.5104165,44,0,.080375195,.082542561,0,0,3.1489701,50000,31.4897,31,.078260869,.013043478,Matched (3),.15802124
12.27736,6.5706983,45,0,.060281754,.061907288,0,0,3.2108774,50000,32.108772,32,.078260869,0,Matched (3),0
12.297454,6.63098,46,.020093918,.060281754,.065256007,.32175055,.32175055,3.2761333,.20281552,32.761333,32,.078260869,0,Matched (3),0
12.317548,6.6912618,47,.020093918,.060281754,.065256007,.32175055,0,3.3413894,50000,33.413895,33,.078260869,0,Matched (3),0
12.357736,6.771637,48,.040187836,.080375195,.092285499,.46364999,.14189944,3.4336748,.65035844,34.336746,34,.065217391,-.013043478,Matched (3),-.14133833
12.37783,6.8319187,49,.020093918,.060281754,.065256007,.32175055,-.14189944,3.4989309,.45987502,34.989311,34,.065217391,-.013043478,Matched (3),-.19988164
12.37783,6.9122944,50,0,.080375671,.082543045,0,-.32175055,3.5814738,.25654361,35.814739,35,.052173916,-.013043474,Matched (3),-.15802027
12.37783,6.9926696,51,0,.080375195,.082542561,0,0,3.6640165,50000,36.640163,36,.039130434,-.013043482,Matched (3),-.15802129
12.418017,7.0730453,52,.040187836,.080375671,.092285939,.4636476,.4636476,3.7563024,.19904327,37.563023,37,.026086958,-.013043476,Matched (3),-.14133763
12.458204,7.133327,53,.040186882,.060281754,.074402757,.58799165,.12434405,3.8307052,.59836203,38.307053,38,.013043479,-.013043479,Matched (3),-.17530908
12.498392,7.1936088,54,.040187836,.060281754,.074403301,.58800262,.000010967255,3.9051085,6784.1318,39.051086,39,.013043479,0,Matched (3),0
12.558674,7.25389,55,.060281754,.060281277,.087549776,.78540212,.1973995,3.9926581,.44351569,39.926582,39,.013043479,0,Matched (3),0
12.598862,7.3342657,56,.040187836,.080375671,.092285939,.4636476,-.32175452,4.0849442,.28682095,40.849442,40,.013043479,0,Matched (3),0
12.63905,7.3945475,57,.040187836,.060281754,.074403301,.58800262,.12435502,4.1593475,.59831363,41.593475,41,.026086958,.013043479,Matched (3),.1753078
12.679237,7.4548287,58,.040187836,.060281277,.074402891,.58800626,3.6358833e-06,4.2337503,20463.498,42.337502,42,.026086958,0,Matched (3),0
12.719425,7.5352044,59,.040187836,.080375671,.092285939,.4636476,-.12435865,4.3260365,.74209505,43.260365,43,.026086958,0,Matched (3),0
12.759613,7.6155801,60,.040187836,.080375671,.092285939,.4636476,0,4.4183221,50000,44.18322,44,.039130434,.013043476,Matched (3),.14133763
12.799801,7.6959553,61,.040187836,.080375195,.092285499,.46364999,2.3841858e-06,4.5106077,38707.344,45.106079,45,.026086958,-.013043476,Matched (3),-.1413383
12.839989,7.7763309,62,.040187836,.080375671,.092285939,.4636476,-2.3841858e-06,4.6028938,38707.527,46.028938,46,.026086958,0,Matched (3),0
12.880177,7.8567066,63,.040187836,.080375671,.092285939,.4636476,0,4.6951795,50000,46.951794,46,.026086958,0,Matched (3),0
12.90027,7.9370818,64,.020093918,.080375195,.085082956,.24498005,-.21866755,4.7802625,.3890973,47.802624,47,.026086958,0,Matched (3),0
12.920364,8.0375519,65,.020093918,.10047007,.10522263,.19739465,-.047585398,4.8854852,2.2112377,48.854851,48,.013043479,-.013043479,Matched (3),-.12396078
12.960551,8.1179266,66,.040186882,.080374718,.09228462,.46364287,.26624823,4.9777699,.34661123,49.777699,49,.013043479,0,Matched (3),0
13.000739,8.2183962,67,.040187836,.10046959,.11112698,.38050637,-.083136499,5.0888968,1.336681,50.888969,50,.026086958,.013043479,Matched (3),.11737455
13.020833,8.2987719,68,.020093918,.080375671,.085083425,.24497867,-.1355277,5.1739802,.62779361,51.739803,51,.026086958,0,Matched (3),0
13.040927,8.3992414,69,.020093918,.10046959,.10522216,.19739556,-.047583103,5.2792025,2.2113345,52.792023,52,.026086958,0,Matched (3),0
13.061021,8.4796171,70,.020093918,.080375671,.085083425,.24497867,.047583103,5.3642859,1.7881017,53.64286,53,.039130434,.013043476,Matched (3),.15330221
13.101209,8.5599918,71,.040187836,.080374718,.092285052,.46365234,.21867368,5.4565706,.42202178,54.565704,54,.026086958,-.013043476,Matched (3),-.14133899
13.121303,8.6403675,72,.020093918,.080375671,.085083425,.24497867,-.21867368,5.5416541,.38908857,55.416542,55,.026086958,0,Matched (3),0
13.141397,8.7207432,73,.020093918,.080375671,.085083425,.24497867,0,5.6267376,50000,56.267376,56,.026086958,0,Matched (3),0
13.181584,8.8011189,74,.040187836,.080375671,.092285939,.4636476,.21866894,5.7190237,.42203498,57.190239,57,.013043479,-.013043479,Matched (3),-.14133766
13.221772,8.8814945,75,.040187836,.080375671,.092285939,.4636476,0,5.8113093,50000,58.113094,58,.013043479,0,Matched (3),0
13.26196,8.9618702,76,.040187836,.080375671,.092285939,.4636476,0,5.9035954,50000,59.035954,59,.013043479,0,Matched (3),0
13.302148,9.0422449,77,.040187836,.080374718,.092285052,.46365234,4.7385693e-06,5.9958806,19475.299,59.958805,59,.013043479,0,Matched (3),0
13.342336,9.1427145,78,.040187836,.10046959,.11112698,.38050637,-.083145976,6.1070075,1.3365287,61.070076,61,.013043479,0,Matched (3),0
13.402617,9.2431841,79,.060281754,.10046959,.12032614,.54041952,.15991315,6.2273335,.75244677,62.273335,62,.013043479,0,Matched (3),0
13.442804,9.3235598,80,.040186882,.080375671,.092285499,.46363813,-.076781392,6.3196192,1.2019253,63.19619,63,.013043479,0,Matched (3),0
13.482992,9.4039354,81,.040187836,.080375671,.092285939,.4636476,9.4771385e-06,6.4119053,9737.7432,64.119049,64,.026086958,.013043479,Matched (3),.14133766
13.52318,9.4843111,82,.040187836,.080375671,.092285939,.4636476,0,6.5041909,50000,65.041908,65,.039130434,.013043476,Matched (3),.14133763
13.543274,9.5646858,83,.020093918,.080374718,.085082479,.24498145,-.21866615,6.5892735,.38909763,65.892731,65,.039130434,.013043476,Matched (3),.15330391
13.503086,9.6249676,84,-.040187836,.060281754,.074403301,-.58800262,-.83298409,6.6636767,.089321397,66.636765,66,.039130434,0,Matched (3),0
13.482992,9.7053432,85,-.020093918,.080375671,.085083425,-.24497867,.34302396,6.7487602,.24803931,67.487602,67,.039130434,0,Matched (3),0
13.442804,9.7857189,86,-.040187836,.080375671,.092285939,-.4636476,-.21866894,6.8410463,.42203498,68.410461,68,.039130434,0,Matched (3),0
13.422711,9.8660946,87,-.020092964,.080375671,.085083187,-.24496749,.21868011,6.9261293,.38907602,69.261292,69,.039130434,0,Matched (3),0
13.402617,9.9464703,88,-.020093918,.080375671,.085083425,-.24497867,-.000011175871,7.0112128,7613.1362,70.112129,70,.026086958,-.013043476,Matched (3),-.15330221
13.36243,10.046939,89,-.040187836,.10046864,.11112607,-.38050964,-.13553098,7.1223388,.81993109,71.223389,71,.013043479,-.013043479,Matched (3),-.11737552
13.342336,10.107221,90,-.020093918,.060281754,.065256007,-.32175055,.058759093,7.1875949,1.1105686,71.875946,71,.013043479,-.013043479,Matched (3),-.19988166
13.342336,10.167502,91,0,.060281754,.061907288,0,.32175055,7.2495022,.19240771,72.495026,72,.013043479,0,Master only (1),0
13.342336,10.247878,92,0,.080375671,.082543045,0,0,7.3320451,50000,73.32045,73,.013043479,0,Matched (3),0
13.342336,10.328254,93,0,.080375671,.082543045,0,0,7.4145885,50000,74.145882,74,.013043479,0,Matched (3),0
13.342336,10.428723,94,0,.10046959,.10317881,0,0,7.517767,50000,75.177673,75,0,-.013043479,Matched (3),-.12641625
13.36243,10.529192,95,.020093918,.10046864,.10522119,.19739738,.19739738,7.6229882,.53304249,76.229881,76,0,0,Matched (3),0
13.36243,10.629662,96,0,.10046959,.10317881,0,-.19739738,7.7261672,.52269596,77.261673,77,0,0,Matched (3),0
13.36243,10.730131,97,0,.10046959,.10317881,0,0,7.8293457,50000,78.293457,78,.013043479,.013043479,Matched (3),.12641625
13.36243,10.830601,98,0,.10046959,.10317881,0,0,7.9325247,50000,79.325249,79,.013043479,0,Matched (3),0
13.322242,10.910976,99,-.040187836,.080375671,.092285939,-.4636476,-.4636476,8.0248108,.19904327,80.248108,80,0,-.013043479,Matched (3),-.14133766
13.282054,10.991351,100,-.040187836,.080374718,.092285052,-.46365234,-4.7385693e-06,8.1170959,19475.299,81.170959,81,0,0,Matched (3),0
13.241866,11.071727,101,-.040187836,.080375671,.092285939,-.4636476,4.7385693e-06,8.2093821,19475.486,82.093819,82,0,0,Matched (3),0
13.221772,11.152102,102,-.020093918,.080375671,.085083425,-.24497867,.21866894,8.2944651,.38909698,82.944649,82,0,0,Matched (3),0
13.181584,11.232478,103,-.040187836,.080375671,.092285939,-.4636476,-.21866894,8.3867512,.42203498,83.867508,83,0,0,Matched (3),0
13.141397,11.312854,104,-.040187836,.080375671,.092285939,-.4636476,0,8.4790373,50000,84.790375,84,0,0,Matched (3),0
13.101209,11.393229,105,-.040187836,.080375671,.092285939,-.4636476,0,8.5713224,50000,85.713226,85,0,0,Matched (3),0
13.061021,11.453511,106,-.040187836,.060281754,.074403301,-.58800262,-.12435502,8.6457262,.59831363,86.45726,86,0,0,Matched (3),0
13.020833,11.513792,107,-.040187836,.0602808,.074402481,-.58800989,-7.2717667e-06,8.720129,10231.692,87.201294,87,0,0,Matched (3),0
12.980645,11.574074,108,-.040187836,.060281754,.074403301,-.58800262,7.2717667e-06,8.7945318,10231.806,87.94532,87,0,0,Matched (3),0
12.940457,11.634356,109,-.040187836,.060281754,.074403301,-.58800262,0,8.8689356,50000,88.689354,88,0,0,Matched (3),0
12.90027,11.694637,110,-.040186882,.060281754,.074402757,-.58799165,.000010967255,8.9433384,6784.082,89.43338,89,0,0,Matched (3),0
12.860083,11.754919,111,-.040187836,.060281754,.074403301,-.58800262,-.000010967255,9.0177412,6784.1318,90.177414,90,0,0,Matched (3),0
12.839989,11.815201,112,-.020093918,.060281754,.065256007,-.32175055,.26625207,9.0829973,.24509108,90.829971,90,0,0,Matched (3),0
12.819895,11.875483,113,-.020093918,.060281754,.065256007,-.32175055,0,9.1482534,50000,91.482536,91,0,0,Matched (3),0
12.799801,11.935764,114,-.020093918,.060281754,.065256007,-.32175055,0,9.2135096,50000,92.135094,92,0,0,Matched (3),0
12.779707,11.996045,115,-.020093918,.0602808,.065255083,-.32175529,-4.7385693e-06,9.2787647,13771.052,92.787643,92,0,0,Matched (3),0
12.739519,12.056327,116,-.040187836,.060281754,.074403301,-.58800262,-.26624733,9.3531675,.27945182,93.531677,93,0,0,Matched (3),0
12.719425,12.116609,117,-.020093918,.060281754,.065256007,-.32175055,.26625207,9.4184237,.24509108,94.184235,94,0,0,Matched (3),0
12.699331,12.17689,118,-.020093918,.060281754,.065256007,-.32175055,0,9.4836798,50000,94.8368,94,0,0,Matched (3),0
12.679237,12.217078,119,-.020093918,.040187836,.046142969,-.4636476,-.14189705,9.5298223,.32518625,95.298225,95,0,0,Matched (3),0
12.659143,12.27736,120,-.020093918,.060281754,.065256007,-.32175055,.14189705,9.5950785,.45988277,95.950783,95,0,0,Matched (3),0
12.63905,12.337642,121,-.020093918,.060281754,.065256007,-.32175055,0,9.6603346,50000,96.603348,96,.013043479,.013043479,Matched (3),.19988166
12.63905,12.418017,122,0,.080375671,.082543045,0,.32175055,9.742878,.25654361,97.42878,97,.013043479,0,Matched (3),0
12.63905,12.498392,123,0,.080374718,.082542069,0,0,9.8254194,50000,98.254196,98,0,-.013043479,Matched (3),-.1580222
12.63905,12.578768,124,0,.080375671,.082543045,0,0,9.9079628,50000,99.079628,99,0,0,Matched (3),0
12.618956,12.659143,125,-.020093918,.080375671,.085083425,-.24497867,-.24497867,9.9930468,.34730953,99.930466,99,0,0,Matched (3),0
12.618956,12.739519,126,0,.080375671,.082543045,0,.24497867,10.075589,.33693972,100.75589,100,0,0,Matched (3),0
12.598862,12.819895,127,-.020093918,.080375671,.085083425,-.24497867,-.24497867,10.160673,.34730953,101.60674,101,0,0,Matched (3),0
12.598862,12.90027,128,0,.080375671,.082543045,0,.24497867,10.243216,.33693972,102.43216,102,0,0,Matched (3),0
12.598862,12.980645,129,0,.080374718,.082542069,0,0,10.325758,50000,103.25758,103,0,0,Matched (3),0
12.598862,13.061021,130,0,.080375671,.082543045,0,0,10.408301,50000,104.08302,104,.013043479,.013043479,Matched (3),.15802033
12.578768,13.101209,131,-.020093918,.040187836,.046142969,-.4636476,-.4636476,10.454444,.099521637,104.54444,104,.013043479,.013043479,Matched (3),.28267533
12.53858,13.16149,132,-.040187836,.060281754,.074403301,-.58800262,-.12435502,10.528847,.59831363,105.28847,105,.013043479,0,Matched (3),0
12.498392,13.221772,133,-.040187836,.060281754,.074403301,-.58800262,0,10.603251,50000,106.0325,106,0,-.013043479,Matched (3),-.1753078
12.458204,13.282054,134,-.040187836,.060281754,.074403301,-.58800262,0,10.677654,50000,106.77654,106,0,-.013043479,Matched (3),-.1753078
12.397923,13.342336,135,-.0602808,.060281754,.087549433,-.78539026,-.19738764,10.765203,.4435406,107.65204,107,0,0,Matched (3),0
12.337642,13.422711,136,-.060281754,.080375671,.10317881,-.6435011,.14188915,10.868382,.72717899,108.68382,108,0,0,Matched (3),0
12.297454,13.482992,137,-.040187836,.0602808,.074402481,-.58800989,.055491209,10.942784,1.3407977,109.42784,109,0,0,Matched (3),0
12.257266,13.543274,138,-.040187836,.060281754,.074403301,-.58800262,7.2717667e-06,11.017188,10231.806,110.17188,110,0,0,Matched (3),0
12.217078,13.603556,139,-.040187836,.060281754,.074403301,-.58800262,0,11.091591,50000,110.91591,110,0,0,Matched (3),0
12.156796,13.663837,140,-.060281754,.060281754,.087550119,-.78539819,-.19739556,11.179141,.44352627,111.79141,111,.013043479,.013043479,Matched (3),.148983
12.116609,13.62365,141,-.040187836,-.040187836,.058366749,-2.3561945,-1.5707963,11.237508,.037157428,112.37508,112,.026086958,.013043479,Matched (3),.22347449
12.056327,13.563368,142,-.060281754,-.060281754,.087550119,-2.3561945,0,11.325058,50000,113.25058,113,.039130434,.013043476,Matched (3),.14898297
12.016139,13.503086,143,-.040187836,-.060281754,.074403301,-2.5535901,-.19739556,11.399462,.3769249,113.99461,113,.039130434,.013043476,Matched (3),.17530777
11.975951,13.442804,144,-.040187836,-.060281754,.074403301,-2.5535901,0,11.473865,50000,114.73865,114,.052173916,.013043482,Matched (3),.17530784
11.935764,13.382524,145,-.040186882,-.0602808,.074401937,-2.5535936,-3.5762787e-06,11.548266,20804.289,115.48267,115,.065217391,.013043474,Matched (3),.17531095
11.895576,13.322242,146,-.040187836,-.060281754,.074403301,-2.5535901,3.5762787e-06,11.62267,20804.67,116.2267,116,.065217391,0,Matched (3),0
11.835295,13.26196,147,-.060281754,-.060281754,.087550119,-2.3561945,.19739556,11.71022,.44352627,117.1022,117,.065217391,0,Matched (3),0
11.775013,13.201678,148,-.060281754,-.060281754,.087550119,-2.3561945,0,11.797771,50000,117.97771,117,.065217391,0,Matched (3),0
11.734825,13.141397,149,-.040187836,-.060281754,.074403301,-2.5535901,-.19739556,11.872173,.3769249,118.72173,118,.065217391,0,Matched (3),0
11.694637,13.081115,150,-.040187836,-.060281754,.074403301,-2.5535901,0,11.946577,50000,119.46577,119,.065217391,0,Matched (3),0
11.654449,13.020833,151,-.040187836,-.060281754,.074403301,-2.5535901,0,12.02098,50000,120.2098,120,.065217391,0,Matched (3),0
11.614262,12.960551,152,-.040187836,-.060281754,.074403301,-2.5535901,0,12.095384,50000,120.95383,120,.065217391,0,Matched (3),0
11.574074,12.90027,153,-.040187836,-.0602808,.074402481,-2.5535827,7.3909760e-06,12.169785,10066.665,121.69785,121,.078260869,.013043478,Matched (3),.17530972
11.533886,12.839989,154,-.040187836,-.060281754,.074403301,-2.5535901,-7.3909760e-06,12.244189,10066.776,122.44189,122,.078260869,0,Matched (3),0
11.493698,12.779707,155,-.040187836,-.060281754,.074403301,-2.5535901,0,12.318592,50000,123.18592,123,.078260869,0,Matched (3),0
11.433417,12.699331,156,-.0602808,-.080375671,.10317822,-2.4980991,.055490971,12.421771,1.8593695,124.21771,124,.078260869,0,Matched (3),0
11.393229,12.63905,157,-.040187836,-.060281754,.074403301,-2.5535901,-.055490971,12.496174,1.3408182,124.96174,124,.078260869,0,Matched (3),0
11.353042,12.578768,158,-.040187836,-.060281754,.074403301,-2.5535901,0,12.570578,50000,125.70578,125,.078260869,0,Matched (3),0
11.312854,12.518486,159,-.040187836,-.060281754,.074403301,-2.5535901,0,12.64498,50000,126.44981,126,.078260869,0,Matched (3),0
11.272666,12.458204,160,-.040187836,-.060281754,.074403301,-2.5535901,0,12.719384,50000,127.19384,127,.078260869,0,Matched (3),0
11.232478,12.397923,161,-.040187836,-.0602808,.074402481,-2.5535827,7.3909760e-06,12.793786,10066.665,127.93786,127,.078260869,0,Matched (3),0
11.172196,12.317548,162,-.060281754,-.080375671,.10317881,-2.4980915,.055491209,12.896965,1.8593723,128.96965,128,.065217391,-.013043478,Matched (3),-.12641625
11.111915,12.237172,163,-.060281754,-.080375671,.10317881,-2.4980915,0,13.000144,50000,130.00143,130,.065217391,0,Matched (3),0
11.051633,12.17689,164,-.060281754,-.060281754,.087550119,-2.3561945,.14189696,13.087694,.61699784,130.87694,130,.065217391,0,Matched (3),0
11.011445,12.116609,165,-.040187836,-.060281754,.074403301,-2.5535901,-.19739556,13.162097,.3769249,131.62097,131,.065217391,0,Matched (3),0
10.971258,12.056327,166,-.040186882,-.060281754,.074402757,-2.553601,-.000010967255,13.2365,6784.082,132.36499,132,.052173916,-.013043474,Matched (3),-.17530902
10.93107,11.996045,167,-.040187836,-.060281754,.074403301,-2.5535901,.000010967255,13.310904,6784.1318,133.10904,133,.052173916,0,Matched (3),0
10.890882,11.935764,168,-.040187836,-.0602808,.074402481,-2.5535827,7.3909760e-06,13.385306,10066.665,133.85306,133,.052173916,0,Matched (3),0
10.870789,11.875483,169,-.020093918,-.060281754,.065256007,-2.8198421,-.26625943,13.450562,.2450843,134.50562,134,.052173916,0,Matched (3),0
10.830601,11.815201,170,-.040187836,-.060281754,.074403301,-2.5535901,.26625204,13.524965,.27944687,135.24965,135,.039130434,-.013043482,Matched (3),-.17530784
10.790413,11.754919,171,-.040187836,-.060281754,.074403301,-2.5535901,0,13.599369,50000,135.99368,135,.039130434,-.013043482,Matched (3),-.17530784
10.750225,11.714731,172,-.040187836,-.040187836,.058366749,-2.3561945,.19739556,13.657735,.29568419,136.57735,136,.026086958,-.013043476,Matched (3),-.22347443
10.689943,11.734825,173,-.060281754,.020093918,.065256007,-1.2490457,1.1071488,13.722991,.058940593,137.2299,137,.013043479,-.013043479,Matched (3),-.19988166
10.649755,11.775013,174,-.040187836,.040187836,.058366749,-.78539819,.46364754,13.781358,.12588604,137.81358,137,.013043479,-.013043479,Matched (3),-.22347449
10.609568,11.815201,175,-.040187836,.040187836,.058366749,-.78539819,0,13.839725,50000,138.39725,138,0,-.013043479,Matched (3),-.22347449
10.56938,11.855389,176,-.040187836,.040187836,.058366749,-.78539819,0,13.898091,50000,138.98091,138,0,-.013043479,Matched (3),-.22347449
10.529192,11.895576,177,-.040187836,.040187836,.058366749,-.78539819,0,13.956458,50000,139.56458,139,0,0,Matched (3),0
10.468911,11.955858,178,-.0602808,.060281754,.087549433,-.78539026,7.9274178e-06,14.044007,11043.878,140.44008,140,0,0,Matched (3),0
10.428723,11.996045,179,-.040187836,.040186882,.058366057,-.78541005,-.000019788742,14.102374,2949.4578,141.02374,141,0,0,Matched (3),0
10.388535,12.036233,180,-.040187836,.040187836,.058366749,-.78539819,.000011861324,14.160741,4920.7617,141.60741,141,0,0,Matched (3),0
10.328254,12.096515,181,-.060281754,.060281754,.087550119,-.78539819,0,14.248291,50000,142.48291,142,0,0,Matched (3),0
10.288066,12.156796,182,-.040187836,.060281754,.074403301,-.58800262,.19739556,14.322694,.3769249,143.22694,143,.013043479,.013043479,Matched (3),.1753078
10.247878,12.217078,183,-.040187836,.060281754,.074403301,-.58800262,0,14.397098,50000,143.97098,143,.013043479,.013043479,Matched (3),.1753078
10.20769,12.27736,184,-.040187836,.060281754,.074403301,-.58800262,0,14.4715,50000,144.715,144,.013043479,0,Master only (1),0
10.187596,12.337642,185,-.020093918,.060281754,.065256007,-.32175055,.26625207,14.536757,.24509108,145.36757,145,.013043479,0,Matched (3),0
10.167502,12.397923,186,-.020093918,.060281754,.065256007,-.32175055,0,14.602013,50000,146.02013,146,.013043479,0,Matched (3),0
10.127315,12.458204,187,-.040187836,.0602808,.074402481,-.58800989,-.26625934,14.676415,.27943614,146.76416,146,.013043479,0,Matched (3),0
10.087127,12.518486,188,-.040187836,.060281754,.074403301,-.58800262,7.2717667e-06,14.750818,10231.806,147.50818,147,.013043479,0,Matched (3),0
10.046939,12.558674,189,-.040187836,.040187836,.058366749,-.78539819,-.19739556,14.809185,.29568419,148.09186,148,.013043479,0,Matched (3),0
10.006752,12.598862,190,-.040186882,.040187836,.058366057,-.78538632,.000011861324,14.867551,4920.7031,148.67551,148,.013043479,0,Matched (3),0
9.9665642,12.63905,191,-.040187836,.040187836,.058366749,-.78539819,-.000011861324,14.925918,4920.7617,149.25917,149,.013043479,0,Matched (3),0
9.9062824,12.679237,192,-.060281754,.040187836,.074403301,-.98279375,-.19739556,15.000321,.3769249,150.00322,150,.013043479,0,Matched (3),0
9.8460007,12.719425,193,-.060281754,.040187836,.074403301,-.98279375,0,15.074724,50000,150.74724,150,.013043479,0,Matched (3),0
9.7857189,12.759613,194,-.060281754,.040187836,.074403301,-.98279375,0,15.149128,50000,151.49127,151,.013043479,0,Matched (3),0
9.7254372,12.799801,195,-.060281754,.040187836,.074403301,-.98279375,0,15.223531,50000,152.23531,152,.013043479,0,Matched (3),0
9.6450615,12.819895,196,-.080375671,.020093918,.085083425,-1.3258177,-.34302396,15.308615,.24803931,153.08615,153,.013043479,0,Matched (3),0
9.5445919,12.839989,197,-.10046959,.020093918,.10522216,-1.3734008,-.047583103,15.413836,2.2113345,154.13837,154,.013043479,0,Matched (3),0
9.4843111,12.860083,198,-.0602808,.020093918,.065255083,-1.2490411,.12435973,15.479092,.52472842,154.79092,154,.013043479,0,Matched (3),0
9.4240294,12.90027,199,-.060281754,.040187836,.074403301,-.98279375,.26624733,15.553495,.27945182,155.53496,155,.013043479,0,Matched (3),0
9.3637476,12.920364,200,-.060281754,.020093918,.065256007,-1.2490457,-.26625198,15.618752,.24509116,156.18752,156,.013043479,0,Matched (3),0
9.3034658,12.960551,201,-.060281754,.040186882,.074402757,-.98280466,.26624107,15.693154,.27945635,156.93155,156,.013043479,0,Matched (3),0
9.2431841,13.000739,202,-.060281754,.040187836,.074403301,-.98279375,.00001090765,15.767557,6821.2036,157.67557,157,.013043479,0,Matched (3),0
9.1829023,13.020833,203,-.060281754,.020093918,.065256007,-1.2490457,-.26625198,15.832813,.24509116,158.32813,158,.013043479,0,Matched (3),0
9.1226206,13.061021,204,-.060281754,.040187836,.074403301,-.98279375,.26625198,15.907216,.27944693,159.07216,159,.013043479,0,Matched (3),0
9.0623388,13.081115,205,-.060281754,.020093918,.065256007,-1.2490457,-.26625198,15.972472,.24509116,159.72472,159,.013043479,0,Matched (3),0
8.9819641,13.101209,206,-.080374718,.020093918,.085082479,-1.3258148,-.076769114,16.057554,1.1082906,160.57555,160,.013043479,0,Matched (3),0
8.9216824,13.141397,207,-.060281754,.040187836,.074403301,-.98279375,.34302109,16.131958,.21690591,161.31958,161,.013043479,0,Matched (3),0
8.8614006,13.201678,208,-.060281754,.060281754,.087550119,-.78539819,.19739556,16.219509,.44352627,162.1951,162,.026086958,.013043479,Matched (3),.148983
8.8212128,13.26196,209,-.040187836,.060281754,.074403301,-.58800262,.19739556,16.293911,.3769249,162.93912,162,.026086958,.013043479,Matched (3),.1753078
8.8011189,13.322242,210,-.020093918,.060281754,.065256007,-.32175055,.26625207,16.359167,.24509108,163.59167,163,.026086958,0,Matched (3),0
8.760931,13.402617,211,-.040187836,.080375671,.092285939,-.4636476,-.14189705,16.451454,.65037251,164.51454,164,.026086958,0,Matched (3),0
8.7207432,13.462898,212,-.040187836,.0602808,.074402481,-.58800989,-.12436229,16.525856,.59827203,165.25856,165,.026086958,0,Matched (3),0
8.6805553,13.52318,213,-.040187836,.060281754,.074403301,-.58800262,7.2717667e-06,16.60026,10231.806,166.00259,166,.026086958,0,Matched (3),0
8.6403675,13.583462,214,-.040187836,.060281754,.074403301,-.58800262,0,16.674664,50000,166.74664,166,.026086958,0,Matched (3),0
8.6001797,13.643744,215,-.040187836,.060281754,.074403301,-.58800262,0,16.749065,50000,167.49066,167,.026086958,0,Matched (3),0
8.5599918,13.704025,216,-.040187836,.060281754,.074403301,-.58800262,0,16.823469,50000,168.2347,168,.026086958,0,Matched (3),0
8.519805,13.764307,217,-.040186882,.060281754,.074402757,-.58799165,.000010967255,16.897873,6784.082,168.97873,168,.026086958,0,Matched (3),0
8.4595232,13.844683,218,-.060281754,.080375671,.10317881,-.6435011,-.055509448,17.001051,1.8587613,170.01051,170,.026086958,0,Matched (3),0
8.4193354,13.904964,219,-.040187836,.060281754,.074403301,-.58800262,.055498481,17.075455,1.3406367,170.75455,170,.026086958,0,Matched (3),0
8.3590536,13.965245,220,-.060281754,.0602808,.087549433,-.78540605,-.19740343,17.163004,.44350514,171.63004,171,.026086958,0,Matched (3),0
8.2987719,14.025527,221,-.060281754,.060281754,.087550119,-.78539819,7.8678131e-06,17.250553,11127.631,172.50552,172,.026086958,0,Matched (3),0
8.2384901,14.085809,222,-.060281754,.060281754,.087550119,-.78539819,0,17.338104,50000,173.38104,173,.026086958,0,Matched (3),0
8.1983023,14.146091,223,-.040187836,.060281754,.074403301,-.58800262,.19739556,17.412508,.3769249,174.12508,174,.026086958,0,Matched (3),0
8.1581144,14.206372,224,-.040187836,.060281754,.074403301,-.58800262,0,17.48691,50000,174.86909,174,.026086958,0,Matched (3),0
8.1179266,14.24656,225,-.040187836,.040187836,.058366749,-.78539819,-.19739556,17.545277,.29568419,175.45276,175,.026086958,0,Matched (3),0
8.0576448,14.286748,226,-.060281754,.040187836,.074403301,-.98279375,-.19739556,17.61968,.3769249,176.19681,176,.026086958,0,Matched (3),0
7.9772696,14.306842,227,-.080375195,.020093918,.085082956,-1.3258163,-.34302253,17.704763,.24803898,177.04764,177,.026086958,0,Matched (3),0
7.9169884,14.326936,228,-.060281277,.020093918,.065255545,-1.2490433,.076772928,17.77002,.84998119,177.7002,177,.026086958,0,Matched (3),0
7.8366127,14.367124,229,-.080375671,.040187836,.092285939,-1.1071488,.14189458,17.862305,.65038383,178.62305,178,.026086958,0,Matched (3),0
7.756237,14.40731,230,-.080375671,.040186882,.092285499,-1.1071582,-9.4175339e-06,17.95459,9799.3271,179.5459,179,.026086958,0,Matched (3),0
7.6959553,14.447498,231,-.060281754,.040187836,.074403301,-.98279375,.12436444,18.028994,.59826833,180.28993,180,.026086958,0,Matched (3),0
7.635674,14.487686,232,-.060281277,.040187836,.074402891,-.98279005,3.6954880e-06,18.103397,20133.441,181.03397,181,.026086958,0,Matched (3),0
7.5753922,14.487686,233,-.060281754,0,.061907288,-1.5707964,-.58800632,18.165304,.10528337,181.65305,181,.026086958,0,Matched (3),0
7.4950166,14.527874,234,-.080375671,.040187836,.092285939,-1.1071488,.4636476,18.257589,.19904327,182.5759,182,.026086958,0,Matched (3),0
7.4749227,14.60825,235,-.020093918,.080375671,.085083425,-.24497867,.8621701,18.342672,.098685198,183.42673,183,.026086958,0,Matched (3),0
7.4749227,14.688625,236,0,.080375671,.082543045,0,.24497867,18.425217,.33693972,184.25217,184,.026086958,0,Matched (3),0
7.4950166,14.748907,237,.020093918,.060281754,.065256007,.32175055,.32175055,18.490473,.20281552,184.90472,184,.026086958,0,Matched (3),0
7.5151105,14.829283,238,.020093918,.080375671,.085083425,.24497867,-.076771885,18.575556,1.1082628,185.75555,185,.026086958,0,Matched (3),0
7.5151105,14.929751,239,0,.10046864,.10317783,0,-.24497867,18.678734,.42117068,186.78734,186,.026086958,0,Matched (3),0
7.5352044,15.010127,240,.020093918,.080375671,.085083425,.24497867,.24497867,18.763817,.34730953,187.63817,187,.039130434,.013043476,Matched (3),.15330221
7.5352044,15.110597,241,0,.10046959,.10317881,0,-.24497867,18.866997,.42117471,188.66997,188,.039130434,0,Matched (3),0
7.5552983,15.211066,242,.020093918,.10046959,.10522216,.19739556,.19739556,18.972218,.53305233,189.72217,189,.039130434,0,Matched (3),0
7.5753922,15.311536,243,.020093918,.10046959,.10522216,.19739556,0,19.07744,50000,190.7744,190,.052173916,.013043482,Matched (3),.12396136
7.5954862,15.412004,244,.020093918,.10046864,.10522119,.19739738,1.8179417e-06,19.182661,57879.301,191.82661,191,.052173916,0,Matched (3),0
7.5954862,15.49238,245,0,.080375671,.082543045,0,-.19739738,19.265203,.41815674,192.65204,192,.039130434,-.013043482,Matched (3),-.15802036
7.6155801,15.59285,246,.020093918,.10046959,.10522216,.19739556,.19739556,19.370426,.53305233,193.70425,193,.026086958,-.013043476,Matched (3),-.12396131
7.635674,15.673225,247,.020093918,.080375671,.085083425,.24497867,.047583103,19.455509,1.7881017,194.55508,194,.026086958,0,Matched (3),0
7.6557679,15.753601,248,.020093918,.080375671,.085083425,.24497867,0,19.540594,50000,195.40594,195,.026086958,0,Matched (3),0
7.6557679,15.854071,249,0,.10046959,.10317881,0,-.24497867,19.643772,.42117471,196.43771,196,.026086958,0,Matched (3),0
7.6557679,15.934445,250,0,.080374718,.082542069,0,0,19.726315,50000,197.26315,197,.026086958,0,Matched (3),0
7.6758618,16.014822,251,.020093918,.080376625,.085084379,.24497586,.24497586,19.811399,.3473174,198.114,198,.039130434,.013043476,Matched (3),.15330048
7.6959553,16.095198,252,.020093441,.080375671,.085083306,.24497308,-2.7865171e-06,19.896482,30533.926,198.96483,198,.039130434,.013043476,Matched (3),.15330242
7.7160492,16.175571,253,.020093918,.080373764,.085081533,.24498425,.000011175871,19.981564,7612.9668,199.81564,199,.052173916,.013043482,Matched (3),.15330568
7.7160492,16.255947,254,0,.080375671,.082543045,0,-.24498425,20.064106,.33693203,200.64105,200,.052173916,0,Matched (3),0
7.7361431,16.336323,255,.020093918,.080375671,.085083425,.24497867,.24497867,20.149191,.34730953,201.49191,201,.052173916,0,Matched (3),0
7.756237,16.416698,256,.020093918,.080375671,.085083425,.24497867,0,20.234274,50000,202.34274,202,.039130434,-.013043482,Matched (3),-.15330227
7.7763309,16.497074,257,.020093918,.080375671,.085083425,.24497867,0,20.319357,50000,203.19357,203,.039130434,0,Matched (3),0
7.7763309,16.57745,258,0,.080375671,.082543045,0,-.24497867,20.401899,.33693972,204.019,204,.039130434,0,Matched (3),0
7.7964249,16.677919,259,.020093918,.10046959,.10522216,.19739556,.19739556,20.507122,.53305233,205.07123,205,.026086958,-.013043476,Matched (3),-.12396131
7.8165188,16.778389,260,.020093918,.10046959,.10522216,.19739556,0,20.612345,50000,206.12344,206,.039130434,.013043476,Matched (3),.12396131
7.8366127,16.878859,261,.020093918,.10046959,.10522216,.19739556,0,20.717566,50000,207.17566,207,.039130434,0,Matched (3),0
7.8567066,16.979328,262,.020093918,.10046959,.10522216,.19739556,0,20.822788,50000,208.22787,208,.039130434,0,Matched (3),0
7.8567066,17.079798,263,0,.10046959,.10317881,0,-.19739556,20.925968,.52270079,209.25967,209,.039130434,0,Matched (3),0
7.8768005,17.160172,264,.020093918,.080373764,.085081533,.24498425,.24498425,21.011049,.34729388,210.11049,210,.026086958,-.013043476,Matched (3),-.15330561
7.8768005,17.240547,265,0,.080375671,.082543045,0,-.24498425,21.093592,.33693203,210.93591,210,.026086958,-.013043476,Matched (3),-.15802029
7.8768005,17.341017,266,0,.10046959,.10317881,0,0,21.196772,50000,211.96771,211,.026086958,0,Matched (3),0
7.8968945,17.421392,267,.020093918,.080375671,.085083425,.24497867,.24497867,21.281855,.34730953,212.81854,212,.039130434,.013043476,Matched (3),.15330221
7.9169884,17.501768,268,.020093918,.080375671,.085083425,.24497867,0,21.366938,50000,213.66937,213,.039130434,0,Matched (3),0
7.9370818,17.582144,269,.020093441,.080375671,.085083306,.24497308,-5.5879354e-06,21.452021,15226.251,214.5202,214,.052173916,.013043482,Matched (3),.15330248
7.9571757,17.662519,270,.020093918,.080375671,.085083425,.24497867,5.5879354e-06,21.537104,15226.272,215.37103,215,.052173916,0,Matched (3),0
7.9571757,17.742895,271,0,.080375671,.082543045,0,-.24497867,21.619648,.33693972,216.19647,216,.052173916,0,Master only (1),0
7.9772696,17.843365,272,.020093918,.10046959,.10522216,.19739556,.19739556,21.724869,.53305233,217.24869,217,.052173916,0,Matched (3),0
7.9973636,17.92374,273,.020093918,.080375671,.085083425,.24497867,.047583103,21.809954,1.7881017,218.09953,218,.052173916,0,Matched (3),0
8.017458,18.02421,274,.020094395,.10046959,.10522225,.19740012,-.047578543,21.915174,2.2115483,219.15175,219,.052173916,0,Matched (3),0
8.0375519,18.104584,275,.020093918,.080373764,.085081533,.24498425,.047584131,22.000257,1.7880232,220.00258,220,.052173916,0,Matched (3),0
8.0375519,18.205053,276,0,.10046959,.10317881,0,-.24498425,22.103436,.42116508,221.03436,221,.052173916,0,Matched (3),0
8.0576448,18.305523,277,.020092964,.10046959,.10522196,.19738643,.19738643,22.208658,.53307599,222.08658,222,.052173916,0,Matched (3),0
8.0777388,18.405993,278,.020093918,.10046959,.10522216,.19739556,9.1344118e-06,22.313879,11519.314,223.13879,223,.039130434,-.013043482,Matched (3),-.12396136
8.0777388,18.506462,279,0,.10046959,.10317881,0,-.19739556,22.417059,.52270079,224.17059,224,.026086958,-.013043476,Matched (3),-.12641622
8.0978327,18.586838,280,.020093918,.080375671,.085083425,.24497867,.24497867,22.502142,.34730953,225.02142,225,.013043479,-.013043479,Matched (3),-.15330224
8.1179266,18.687307,281,.020093918,.10046959,.10522216,.19739556,-.047583103,22.607365,2.2113345,226.07364,226,.013043479,0,Matched (3),0
8.1983023,18.727495,282,.080375671,.040187836,.092285939,1.1071488,.9097532,22.69965,.10144063,226.99649,226,.013043479,0,Matched (3),0
8.258584,18.767683,283,.060281754,.040187836,.074403301,.98279375,-.12435502,22.774054,.59831363,227.74054,227,.013043479,0,Matched (3),0
8.258584,18.848059,284,0,.080375671,.082543045,0,-.98279375,22.856596,.083988167,228.56596,228,.013043479,0,Matched (3),0
8.258584,18.90834,285,0,.060281754,.061907288,0,0,22.918503,50000,229.18503,229,.013043479,0,Matched (3),0
8.258584,19.00881,286,0,.10046959,.10317881,0,0,23.021683,50000,230.21683,230,.013043479,0,Matched (3),0
8.2786779,19.06909,287,.020093918,.060279846,.065254144,.32176006,.32176006,23.086937,.20280375,230.86937,230,.013043479,0,Matched (3),0
8.2987719,19.149466,288,.020093918,.080375671,.085083425,.24497867,-.076781392,23.17202,1.1081256,231.7202,231,.026086958,.013043479,Matched (3),.15330224
8.2987719,19.209747,289,0,.060281754,.061907288,0,-.24497867,23.233927,.2527048,232.33926,232,.026086958,0,Matched (3),0
8.2987719,19.290123,290,0,.080375671,.082543045,0,0,23.316471,50000,233.1647,233,.026086958,0,Matched (3),0
8.2987719,19.350405,291,0,.060281754,.061907288,0,0,23.378378,50000,233.78378,233,.026086958,0,Matched (3),0
8.3188658,19.410686,292,.020093918,.060281754,.065256007,.32175055,.32175055,23.443634,.20281552,234.43634,234,.026086958,0,Matched (3),0
8.2987719,19.470968,293,-.020093918,.060281754,.065256007,-.32175055,-.6435011,23.50889,.10140776,235.0889,235,.026086958,0,Matched (3),0
8.2987719,19.551344,294,0,.080375671,.082543045,0,.32175055,23.591433,.25654361,235.91432,235,.026086958,0,Matched (3),0
8.3590536,19.571438,295,.060281754,.020093918,.065256007,1.2490457,1.2490457,23.656689,.052244689,236.56689,236,.026086958,0,Matched (3),0
8.4193354,19.53125,296,.060281754,-.040187836,.074403301,2.1587989,.9097532,23.731092,.081784047,237.31093,237,.026086958,0,Matched (3),0
8.4394293,19.470968,297,.020093918,-.060281754,.065256007,2.8198421,.66104317,23.796349,.098716713,237.96349,237,.026086958,0,Matched (3),0
8.4394293,19.390593,298,0,-.080375671,.082543045,3.1415927,.32175064,23.878891,.25654352,238.78891,238,.026086958,0,Matched (3),0
8.4394293,19.310217,299,0,-.080375671,.082543045,3.1415927,0,23.961433,50000,239.61433,239,.026086958,0,Matched (3),0
8.4394293,19.229841,300,0,-.080375671,.082543045,3.1415927,0,24.043978,50000,240.43977,240,.026086958,0,Matched (3),0
8.4394293,19.129372,301,0,-.10046959,.10317881,3.1415927,0,24.147156,50000,241.47156,241,.026086958,0,Matched (3),0
8.4394293,19.048996,302,0,-.080375671,.082543045,3.1415927,0,24.229698,50000,242.29698,242,.026086958,0,Matched (3),0
8.4394293,18.948528,303,0,-.10046768,.10317685,3.1415927,0,24.332876,50000,243.32877,243,.026086958,0,Matched (3),0
8.4394293,18.868153,304,0,-.080375671,.082543045,3.1415927,0,24.415419,50000,244.15419,244,.026086958,0,Matched (3),0
8.4394293,18.787777,305,0,-.080375671,.082543045,3.1415927,0,24.497961,50000,244.97961,244,.026086958,0,Matched (3),0
8.4796171,18.727495,306,.040187836,-.060281754,.074403301,2.5535901,-.58800268,24.572365,.12653565,245.72365,245,.026086958,0,Matched (3),0
8.499711,18.667213,307,.020093918,-.060281754,.065256007,2.8198421,.26625204,24.637621,.24509111,246.37621,246,.026086958,0,Matched (3),0
8.519805,18.586838,308,.020093918,-.080375671,.085083425,2.8966141,.076771975,24.722704,1.1082615,247.22704,247,.026086958,0,Matched (3),0
8.5599918,18.526556,309,.040186882,-.060281754,.074402757,2.553601,-.34301305,24.797108,.21690941,247.97107,247,.026086958,0,Matched (3),0
8.6001797,18.466274,310,.040187836,-.060281754,.074403301,2.5535901,-.000010967255,24.871511,6784.1318,248.71512,248,.026086958,0,Matched (3),0
8.6202736,18.405993,311,.020093918,-.060281754,.065256007,2.8198421,.26625204,24.936768,.24509111,249.36768,249,.026086958,0,Matched (3),0
8.6403675,18.345711,312,.020093918,-.060281754,.065256007,2.8198421,0,25.002022,50000,250.02022,250,.026086958,0,Matched (3),0
8.6604614,18.285429,313,.020093918,-.060281754,.065256007,2.8198421,0,25.067278,50000,250.67278,250,.026086958,0,Matched (3),0
8.6805553,18.225147,314,.020093918,-.060281754,.065256007,2.8198421,0,25.132534,50000,251.32535,251,.026086958,0,Matched (3),0
8.7006493,18.144772,315,.020093918,-.080375671,.085083425,2.8966141,.076771975,25.217619,1.1082615,252.17619,252,.026086958,0,Matched (3),0
8.7006493,18.064398,316,0,-.080373764,.082541093,3.1415927,.24497867,25.300159,.33693177,253.00159,253,.026086958,0,Matched (3),0
8.7006493,17.984022,317,0,-.080375671,.082543045,3.1415927,0,25.382702,50000,253.82703,253,.026086958,0,Matched (3),0
8.7006493,17.903646,318,0,-.080375671,.082543045,3.1415927,0,25.465246,50000,254.65247,254,.026086958,0,Matched (3),0
8.6805553,17.803177,319,-.020093918,-.10046959,.10522216,-2.9441972,-6.0857897,25.570467,.017289812,255.70467,255,.026086958,0,Matched (3),0
8.6805553,17.722801,320,0,-.080375671,.082543045,3.1415927,6.0857897,25.653011,.013563243,256.53012,256,.026086958,0,Matched (3),0
8.6805553,17.622332,321,0,-.10046959,.10317881,3.1415927,0,25.756189,50000,257.56189,257,.039130434,.013043476,Matched (3),.12641622
8.6805553,17.541956,322,0,-.080375671,.082543045,3.1415927,0,25.838732,50000,258.38733,258,.026086958,-.013043476,Matched (3),-.15802029
8.6604614,17.481674,323,-.020093918,-.060281754,.065256007,-2.8198421,-5.9614348,25.903988,.010946359,259.03989,259,.026086958,0,Matched (3),0
8.6202736,17.401299,324,-.040187836,-.080375671,.092285939,-2.6779451,.14189696,25.996275,.65037292,259.96274,259,.026086958,0,Matched (3),0
8.6001797,17.300829,325,-.020093918,-.10046959,.10522216,-2.9441972,-.26625204,26.101496,.39519757,261.01495,261,.026086958,0,Matched (3),0
8.6001797,17.220453,326,0,-.080375671,.082543045,3.1415927,6.0857897,26.18404,.013563243,261.84039,261,.026086958,0,Matched (3),0
8.6001797,17.140078,327,0,-.080375671,.082543045,3.1415927,0,26.266582,50000,262.66583,262,.026086958,0,Matched (3),0
8.6001797,17.059704,328,0,-.080373764,.082541093,3.1415927,0,26.349123,50000,263.49124,263,.026086958,0,Matched (3),0
8.6001797,16.979328,329,0,-.080375671,.082543045,3.1415927,0,26.431667,50000,264.31668,264,.026086958,0,Matched (3),0
8.5800858,16.898952,330,-.020093918,-.080375671,.085083425,-2.8966141,-6.0382071,26.51675,.014090843,265.16751,265,.026086958,0,Matched (3),0
8.5800858,16.818577,331,0,-.080375671,.082543045,3.1415927,6.0382071,26.599293,.013670126,265.99292,265,.026086958,0,Matched (3),0
8.5599918,16.758295,332,-.020093918,-.060281754,.065256007,-2.8198421,-5.9614348,26.664549,.010946359,266.64548,266,.013043479,-.013043479,Matched (3),-.19988166
8.5398989,16.698013,333,-.020092964,-.060281754,.065255702,-2.8198564,-.000014305115,26.729805,4561.7041,267.29803,267,.013043479,0,Matched (3),0
8.5398989,16.637732,334,0,-.060281754,.061907288,3.1415927,5.9614491,26.791712,.010384603,267.91711,267,.013043479,0,Matched (3),0
8.519805,16.57745,335,-.020093918,-.060281754,.065256007,-2.8198421,-5.9614348,26.856968,.010946359,268.56967,268,0,-.013043479,Matched (3),-.19988166
8.499711,16.497074,336,-.020093918,-.080375671,.085083425,-2.8966141,-.076771975,26.942051,1.1082615,269.4205,269,.013043479,.013043479,Matched (3),.15330224
8.499711,16.436792,337,0,-.060281754,.061907288,3.1415927,6.0382071,27.00396,.010252595,270.03961,270,.013043479,0,Matched (3),0
8.4796171,16.356417,338,-.020093918,-.080375671,.085083425,-2.8966141,-6.0382071,27.089043,.014090843,270.89044,270,.013043479,0,Matched (3),0
8.4595232,16.296135,339,-.020093918,-.060281754,.065256007,-2.8198421,.076771975,27.154299,.84999776,271.543,271,.026086958,.013043479,Matched (3),.19988166
8.4394293,16.235853,340,-.020093918,-.060281754,.065256007,-2.8198421,0,27.219555,50000,272.19556,272,.026086958,0,Matched (3),0
8.4394293,16.155478,341,0,-.080375671,.082543045,3.1415927,5.9614348,27.302097,.013846171,273.02097,273,.026086958,0,Matched (3),0
8.4193354,16.075104,342,-.020093918,-.080373764,.085081533,-2.8966084,-6.0382013,27.387178,.014090543,273.8718,273,.026086958,0,Matched (3),0
8.3791475,15.994727,343,-.040187836,-.080376625,.09228681,-2.6779499,.21865845,27.479465,.42205921,274.79465,274,.013043479,-.013043479,Matched (3),-.14133634
8.3389597,15.934445,344,-.040187836,-.060281754,.074403301,-2.5535901,.12435985,27.553869,.59829038,275.5387,275,.013043479,0,Matched (3),0
8.2786779,15.874164,345,-.060281754,-.060281754,.087550119,-2.3561945,.19739556,27.641418,.44352627,276.41418,276,.013043479,0,Matched (3),0
8.2384901,15.833977,346,-.040187836,-.040186882,.058366057,-2.3561826,.000011920929,27.699785,4896.0996,276.99786,276,.013043479,0,Matched (3),0
8.1983023,15.773695,347,-.040187836,-.060281754,.074403301,-2.5535901,-.19740748,27.774189,.37690213,277.74188,277,.013043479,0,Matched (3),0
8.1581144,15.713413,348,-.040187836,-.060281754,.074403301,-2.5535901,0,27.848593,50000,278.48593,278,.013043479,0,Matched (3),0
8.1179266,15.633038,349,-.040187836,-.080375671,.092285939,-2.6779451,-.12435508,27.940878,.74211639,279.40878,279,.013043479,0,Matched (3),0
8.0777388,15.552662,350,-.040187836,-.080375671,.092285939,-2.6779451,0,28.033163,50000,280.33163,280,.013043479,0,Matched (3),0
8.0576448,15.472286,351,-.020093918,-.080375671,.085083425,-2.8966141,-.21866894,28.118248,.38909698,281.1825,281,.013043479,0,Matched (3),0
8.0375519,15.391911,352,-.020092964,-.080375671,.085083187,-2.896625,-.000010967255,28.203331,7757.9292,282.03333,282,.013043479,0,Matched (3),0
8.0375519,15.33163,353,0,-.0602808,.061906308,3.1415927,6.0382175,28.265236,.010252414,282.65234,282,.013043479,0,Matched (3),0
8.0375519,15.251254,354,0,-.080375671,.082543045,3.1415927,0,28.34778,50000,283.47781,283,.013043479,0,Matched (3),0
8.0375519,15.170878,355,0,-.080375671,.082543045,3.1415927,0,28.430323,50000,284.30322,284,.013043479,0,Matched (3),0
8.0375519,15.090503,356,0,-.080375671,.082543045,3.1415927,0,28.512865,50000,285.12866,285,.026086958,.013043479,Matched (3),.15802033
8.017458,15.010127,357,-.020093918,-.080375671,.085083425,-2.8966141,-6.0382071,28.59795,.014090843,285.97949,285,.026086958,.013043479,Matched (3),.15330224
8.017458,14.909657,358,0,-.10046959,.10317881,3.1415927,6.0382071,28.701128,.017087659,287.01129,287,.026086958,0,Matched (3),0
8.0375519,14.829283,359,.020093918,-.080374718,.085082479,2.8966112,-.24498153,28.786211,.3473016,287.86212,287,.026086958,0,Matched (3),0
8.0777388,14.748907,360,.040186882,-.080375671,.092285499,2.6779544,-.21865678,28.878496,.42205644,288.78497,288,.026086958,0,Master only (1),0
8.1179266,14.688625,361,.040187836,-.060281754,.074403301,2.5535901,-.12436438,28.9529,.59826857,289.52899,289,.039130434,.013043476,Matched (3),.17530777
8.1380205,14.60825,362,.020093918,-.080375671,.085083425,2.8966141,.34302402,29.037983,.24803926,290.37982,290,.039130434,0,Matched (3),0
8.1380205,14.527874,363,0,-.080375671,.082543045,3.1415927,.24497867,29.120525,.33693972,291.20526,291,.039130434,0,Matched (3),0
8.1380205,14.447498,364,0,-.080375671,.082543045,3.1415927,0,29.20307,50000,292.0307,292,.026086958,-.013043476,Matched (3),-.15802029
8.1380205,14.387218,365,0,-.0602808,.061906308,3.1415927,0,29.264975,50000,292.64975,292,.026086958,-.013043476,Matched (3),-.21069704
8.1380205,14.326936,366,0,-.060281754,.061907288,3.1415927,0,29.326883,50000,293.26883,293,.026086958,0,Matched (3),0
8.1380205,14.266654,367,0,-.060281754,.061907288,3.1415927,0,29.38879,50000,293.88791,293,.026086958,0,Matched (3),0
8.1581144,14.206372,368,.020093918,-.060281754,.065256007,2.8198421,-.32175064,29.454046,.20281547,294.54047,294,.026086958,0,Matched (3),0
8.1983023,14.166184,369,.040187836,-.040187836,.058366749,2.3561945,-.4636476,29.512413,.12588601,295.12415,295,.039130434,.013043476,Matched (3),.22347443
8.2384901,14.085809,370,.040187836,-.080375671,.092285939,2.6779451,.32175064,29.604698,.28682441,296.047,296,.039130434,0,Matched (3),0
8.2987719,14.025527,371,.060281754,-.060281754,.087550119,2.3561945,-.32175064,29.692249,.27210549,296.92249,296,.039130434,0,Matched (3),0
8.3590536,13.965245,372,.060281754,-.060281754,.087550119,2.3561945,0,29.779799,50000,297.79797,297,.039130434,0,Matched (3),0
8.4193354,13.965245,373,.060281754,0,.061907288,1.5707964,-.78539813,29.841705,.078822814,298.41705,298,.039130434,0,Matched (3),0
8.4796171,13.985339,374,.060281754,.020093918,.065256007,1.2490457,-.32175064,29.906961,.20281547,299.06961,299,.039130434,0,Matched (3),0
8.5599918,14.005433,375,.080374718,.020093918,.085082479,1.3258148,.076769114,29.992044,1.1082906,299.92044,299,.039130434,0,Matched (3),0
8.6202736,13.965245,376,.060281754,-.040187836,.074403301,2.1587989,.83298409,30.066448,.089321397,300.66449,300,.039130434,0,Matched (3),0
8.6805553,13.925057,377,.060281754,-.040187836,.074403301,2.1587989,0,30.14085,50000,301.40851,301,.039130434,0,Matched (3),0
8.7408371,13.884871,378,.060281754,-.040186882,.074402757,2.158788,-.000010967255,30.215254,6784.082,302.15253,302,.039130434,0,Matched (3),0
8.8011189,13.844683,379,.060281754,-.040187836,.074403301,2.1587989,.000010967255,30.289658,6784.1318,302.89658,302,.039130434,0,Matched (3),0
8.8614006,13.824589,380,.060281754,-.020093918,.065256007,1.8925469,-.26625204,30.354914,.24509111,303.54913,303,.039130434,0,Matched (3),0
8.9216824,13.804495,381,.060281754,-.020093918,.065256007,1.8925469,0,30.42017,50000,304.20169,304,.026086958,-.013043476,Matched (3),-.19988161
8.9819641,13.784401,382,.060281754,-.020093918,.065256007,1.8925469,0,30.485426,50000,304.85425,304,.026086958,-.013043476,Matched (3),-.19988161
9.0221519,13.764307,383,.040187836,-.020093918,.046142969,2.0344439,.14189696,30.531569,.32518646,305.31567,305,.013043479,-.013043479,Matched (3),-.28267533
9.0824327,13.744213,384,.0602808,-.020093918,.065255083,1.8925517,-.14189219,30.596823,.45989197,305.96823,305,.013043479,-.013043479,Matched (3),-.19988449
9.1427145,13.704025,385,.060281754,-.040187836,.074403301,2.1587989,.26624727,30.671227,.27945188,306.71228,306,.013043479,0,Matched (3),0
9.2029963,13.683931,386,.060281754,-.020093918,.065256007,1.8925469,-.26625204,30.736483,.24509111,307.36484,307,.013043479,0,Matched (3),0
9.263278,13.663837,387,.060281754,-.020093918,.065256007,1.8925469,0,30.801739,50000,308.0174,308,.026086958,.013043479,Matched (3),.19988166
9.3436537,13.643744,388,.080375671,-.020093918,.085083425,1.815775,-.076771855,30.886822,1.1082633,308.86823,308,.026086958,.013043479,Matched (3),.15330224
9.4240294,13.62365,389,.080375671,-.020093918,.085083425,1.815775,0,30.971905,50000,309.71906,309,.026086958,0,Matched (3),0
9.504405,13.603556,390,.080375671,-.020093918,.085083425,1.815775,0,31.056988,50000,310.56989,310,.013043479,-.013043479,Matched (3),-.15330224
9.6048737,13.583462,391,.10046864,-.020093918,.10522119,1.7681937,-.047581315,31.16221,2.2113972,311.6221,311,.013043479,0,Matched (3),0
9.6852493,13.583462,392,.080375671,0,.082543045,1.5707964,-.19739735,31.244753,.4181568,312.44754,312,0,-.013043479,Matched (3),-.15802033
9.765625,13.583462,393,.080375671,0,.082543045,1.5707964,0,31.327295,50000,313.27295,313,0,0,Matched (3),0
9.8460007,13.603556,394,.080375671,.020093918,.085083425,1.3258177,-.24497867,31.41238,.34730953,314.12381,314,0,0,Matched (3),0
9.9062824,13.643744,395,.060281754,.040187836,.074403301,.98279375,-.34302396,31.486782,.21690409,314.86783,314,0,0,Matched (3),0
9.9464703,13.704025,396,.040187836,.060281754,.074403301,.58800262,-.39479113,31.561186,.18846245,315.61185,315,.013043479,.013043479,Matched (3),.1753078
10.006752,13.764307,397,.060281754,.060281754,.087550119,.78539819,.19739556,31.648737,.44352627,316.48737,316,.013043479,0,Matched (3),0
10.067033,13.824589,398,.0602808,.060281754,.087549433,.78539026,-7.9274178e-06,31.736286,11043.878,317.36285,317,.013043479,0,Matched (3),0
10.127315,13.884871,399,.060281754,.060281754,.087550119,.78539819,7.9274178e-06,31.823835,11043.964,318.23834,318,.013043479,0,Matched (3),0
10.167502,13.925057,400,.040187836,.040186882,.058366057,.78541005,.000011861324,31.882202,4920.7031,318.82202,318,.013043479,0,Matched (3),0
10.227784,13.985339,401,.060281754,.060281754,.087550119,.78539819,-.000011861324,31.969751,7381.1421,319.69751,319,0,-.013043479,Matched (3),-.148983
10.288066,14.045621,402,.060281754,.060281754,.087550119,.78539819,0,32.057301,50000,320.573,320,0,0,Matched (3),0
10.348348,14.105903,403,.060281754,.060281754,.087550119,.78539819,0,32.144852,50000,321.44852,321,0,0,Matched (3),0
10.408629,14.166184,404,.060281754,.060281754,.087550119,.78539819,0,32.232403,50000,322.32404,322,0,0,Matched (3),0
10.468911,14.226466,405,.060281754,.060281754,.087550119,.78539819,0,32.319954,50000,323.19952,323,0,0,Matched (3),0
10.529192,14.286748,406,.0602808,.060281754,.087549433,.78539026,-7.9274178e-06,32.407501,11043.878,324.07501,324,0,0,Matched (3),0
10.589474,14.34703,407,.060281754,.060281754,.087550119,.78539819,7.9274178e-06,32.495052,11043.964,324.95053,324,0,0,Matched (3),0
10.649755,14.40731,408,.060281754,.0602808,.087549433,.78540605,7.8678131e-06,32.5826,11127.544,325.82599,325,.013043479,.013043479,Matched (3),.14898416
10.710037,14.467592,409,.060281754,.060281754,.087550119,.78539819,-7.8678131e-06,32.670151,11127.631,326.70151,326,.013043479,0,Matched (3),0
10.770319,14.527874,410,.060281754,.060281754,.087550119,.78539819,0,32.757702,50000,327.57703,327,.013043479,0,Matched (3),0
10.830601,14.588156,411,.060281754,.060281754,.087550119,.78539819,0,32.845253,50000,328.45251,328,.013043479,0,Matched (3),0
10.890882,14.648438,412,.060281754,.060281754,.087550119,.78539819,0,32.9328,50000,329.328,329,.013043479,0,Matched (3),0
10.93107,14.688625,413,.040187836,.040187836,.058366749,.78539819,0,32.991169,50000,329.91168,329,.013043479,0,Matched (3),0
10.991351,14.748907,414,.0602808,.060281754,.087549433,.78539026,-7.9274178e-06,33.078716,11043.878,330.78717,330,0,-.013043479,Matched (3),-.14898416
11.051633,14.809189,415,.060281754,.060281754,.087550119,.78539819,7.9274178e-06,33.166267,11043.964,331.66266,331,0,0,Matched (3),0
11.111915,14.889565,416,.060281754,.080375671,.10317881,.6435011,-.14189708,33.269447,.7271384,332.69446,332,0,0,Matched (3),0
11.152102,14.929751,417,.040187836,.040186882,.058366057,.78541005,.14190894,33.327812,.41129231,333.27814,333,0,0,Matched (3),0
11.152102,14.990033,418,0,.060281754,.061907288,0,-.78541005,33.389721,.078821614,333.89722,333,0,0,Matched (3),0
11.212384,15.030221,419,.060281754,.040187836,.074403301,.98279375,.98279375,33.464123,.075705916,334.64124,334,0,0,Matched (3),0
11.232478,15.090503,420,.020093918,.060281754,.065256007,.32175055,-.66104317,33.529381,.098716706,335.29382,335,0,0,Matched (3),0
11.272666,15.130691,421,.040187836,.040187836,.058366749,.78539819,.46364763,33.587746,.12588601,335.87744,335,0,0,Matched (3),0
11.312854,15.211066,422,.040187836,.080375671,.092285939,.4636476,-.32175058,33.680031,.28682446,336.80029,336,0,0,Matched (3),0
11.353042,15.271348,423,.040187836,.060281754,.074403301,.58800262,.12435502,33.754436,.59831363,337.54437,337,0,0,Matched (3),0
11.393229,15.33163,424,.040187836,.060281754,.074403301,.58800262,0,33.828838,50000,338.28839,338,0,0,Matched (3),0
11.433417,15.391911,425,.040187836,.0602808,.074402481,.58800989,7.2717667e-06,33.90324,10231.692,339.03241,339,0,0,Matched (3),0
11.473605,15.452192,426,.040187836,.060281754,.074403301,.58800262,-7.2717667e-06,33.977646,10231.806,339.77646,339,0,0,Matched (3),0
11.513792,15.512474,427,.040186882,.060281754,.074402757,.58799165,-.000010967255,34.052048,6784.082,340.52048,340,0,0,Matched (3),0
11.55398,15.572756,428,.040187836,.060281754,.074403301,.58800262,.000010967255,34.12645,6784.1318,341.2645,341,0,0,Matched (3),0
11.574074,15.653131,429,.020093918,.080375671,.085083425,.24497867,-.34302396,34.211533,.24803931,342.11533,342,0,0,Matched (3),0
11.594168,15.713413,430,.020093918,.060281754,.065256007,.32175055,.076771885,34.276791,.84999877,342.76791,342,0,0,Matched (3),0
11.634356,15.773695,431,.040187836,.060281754,.074403301,.58800262,.26625207,34.351192,.27944684,343.51193,343,0,0,Matched (3),0
11.654449,15.833977,432,.020093918,.060281754,.065256007,.32175055,-.26625207,34.416451,.24509108,344.16449,344,0,0,Matched (3),0
11.674543,15.894258,433,.020093918,.0602808,.065255083,.32175529,4.7385693e-06,34.481705,13771.052,344.81705,344,0,0,Matched (3),0
11.694637,15.954539,434,.020093918,.060281754,.065256007,.32175055,-4.7385693e-06,34.546959,13771.247,345.4696,345,0,0,Matched (3),0
11.714731,16.034916,435,.020093918,.080376625,.085084379,.24497586,-.076774687,34.632046,1.1082348,346.32047,346,.013043479,.013043479,Matched (3),.15330051
11.754919,16.095198,436,.040187836,.060281754,.074403301,.58800262,.34302676,34.706448,.21690233,347.06448,347,.013043479,0,Matched (3),0
11.795107,16.175571,437,.040187836,.080373764,.09228418,.46365711,-.12434551,34.798733,.74215931,347.98734,347,.013043479,0,Matched (3),0
11.835295,16.235853,438,.040187836,.060281754,.074403301,.58800262,.12434551,34.873135,.59835935,348.73135,348,.026086958,.013043479,Matched (3),.1753078
11.855389,16.296135,439,.020093918,.060281754,.065256007,.32175055,-.26625207,34.938393,.24509108,349.38391,349,.039130434,.013043476,Matched (3),.19988161
11.875483,16.356417,440,.020093918,.060281754,.065256007,.32175055,0,35.003647,50000,350.03647,350,.039130434,0,Matched (3),0
11.91567,16.416698,441,.040187836,.060281754,.074403301,.58800262,.26625207,35.078053,.27944684,350.78052,350,.039130434,0,Matched (3),0
11.955858,16.47698,442,.040187836,.060281754,.074403301,.58800262,0,35.152454,50000,351.52454,351,.026086958,-.013043476,Matched (3),-.17530777
11.975951,16.517168,443,.020092964,.040187836,.046142526,.46362862,-.124374,35.198597,.37099817,351.98596,351,.026086958,-.013043476,Matched (3),-.28267798
11.935764,16.557356,444,-.040186882,.040187836,.058366057,-.78538632,-1.249015,35.256962,.046729669,352.56961,352,.026086958,0,Matched (3),0
11.895576,16.617638,445,-.040187836,.060281754,.074403301,-.58800262,.1973837,35.331367,.37694755,353.31366,353,.013043479,-.013043479,Matched (3),-.1753078
11.875483,16.657825,446,-.020093918,.040187836,.046142969,-.4636476,.12435502,35.37751,.37105837,353.77509,353,.013043479,-.013043479,Matched (3),-.28267533
11.835295,16.718107,447,-.040187836,.060281754,.074403301,-.58800262,-.12435502,35.451912,.59831363,354.5191,354,.013043479,0,Matched (3),0
11.795107,16.778389,448,-.040187836,.060281754,.074403301,-.58800262,0,35.526318,50000,355.26318,355,.013043479,0,Matched (3),0
11.754919,16.838671,449,-.040187836,.060281754,.074403301,-.58800262,0,35.600719,50000,356.0072,356,.013043479,0,Matched (3),0
11.714731,16.898952,450,-.040187836,.060281754,.074403301,-.58800262,0,35.675121,50000,356.75122,356,.013043479,0,Matched (3),0
11.674543,16.93914,451,-.040187836,.040187836,.058366749,-.78539819,-.19739556,35.73349,.29568419,357.3349,357,.026086958,.013043479,Matched (3),.22347449
11.634356,16.999422,452,-.040187836,.060281754,.074403301,-.58800262,.19739556,35.807892,.3769249,358.07892,358,.026086958,0,Matched (3),0
11.594168,17.059704,453,-.040187836,.060281754,.074403301,-.58800262,0,35.882298,50000,358.82297,358,.026086958,0,Matched (3),0
11.55398,17.119984,454,-.040187836,.060279846,.074401669,-.58801723,-.000014603138,35.956696,5094.9097,359.56696,359,.026086958,0,Matched (3),0
11.513792,17.160172,455,-.040187836,.040187836,.058366749,-.78539819,-.19738096,36.015064,.29570606,360.15063,360,.026086958,0,Master only (1),0
11.473605,17.220453,456,-.040186882,.060281754,.074402757,-.58799165,.19740653,36.089466,.37690118,360.89465,360,.026086958,0,Master only (1),0
11.413323,17.280735,457,-.060281754,.060281754,.087550119,-.78539819,-.19740653,36.177017,.44350162,361.77017,361,.026086958,0,Matched (3),0
11.373136,17.341017,458,-.040187836,.060281754,.074403301,-.58800262,.19739556,36.251419,.3769249,362.51419,362,.026086958,0,Matched (3),0
11.332948,17.401299,459,-.040187836,.060281754,.074403301,-.58800262,0,36.325825,50000,363.25824,363,.026086958,0,Matched (3),0
11.29276,17.46158,460,-.040187836,.060281754,.074403301,-.58800262,0,36.400227,50000,364.00226,364,.026086958,0,Matched (3),0
11.252572,17.521862,461,-.040187836,.060281754,.074403301,-.58800262,0,36.474628,50000,364.74628,364,.026086958,0,Matched (3),0
11.212384,17.582144,462,-.040187836,.060281754,.074403301,-.58800262,0,36.549034,50000,365.49036,365,.026086958,0,Matched (3),0
11.172196,17.622332,463,-.040187836,.040187836,.058366749,-.78539819,-.19739556,36.607399,.29568419,366.07397,366,.026086958,0,Matched (3),0
11.132009,17.682613,464,-.040187836,.060281754,.074403301,-.58800262,.19739556,36.681805,.3769249,366.81805,366,.026086958,0,Matched (3),0
11.091821,17.742895,465,-.040187836,.060281754,.074403301,-.58800262,0,36.756207,50000,367.56207,367,.026086958,0,Matched (3),0
11.051633,17.783083,466,-.040187836,.040187836,.058366749,-.78539819,-.19739556,36.814575,.29568419,368.14575,368,.026086958,0,Matched (3),0
11.011445,17.843365,467,-.040187836,.060281754,.074403301,-.58800262,.19739556,36.888977,.3769249,368.88977,368,.026086958,0,Matched (3),0
10.971258,17.903646,468,-.040186882,.060281754,.074402757,-.58799165,.000010967255,36.963379,6784.082,369.63379,369,.013043479,-.013043479,Matched (3),-.17530908
10.93107,17.963928,469,-.040187836,.060281754,.074403301,-.58800262,-.000010967255,37.037785,6784.1318,370.37784,370,.013043479,0,Matched (3),0
10.890882,18.02421,470,-.040187836,.060281754,.074403301,-.58800262,0,37.112186,50000,371.12186,371,.026086958,.013043479,Matched (3),.1753078
10.830601,18.08449,471,-.060281754,.060279846,.08754874,-.78541398,-.19741136,37.199734,.4434838,371.99734,371,.026086958,.013043479,Matched (3),.14898534
10.790413,18.144772,472,-.040187836,.060281754,.074403301,-.58800262,.19741136,37.274139,.37689474,372.74139,372,.026086958,0,Matched (3),0
10.750225,18.205053,473,-.040187836,.060281754,.074403301,-.58800262,0,37.348541,50000,373.48541,373,.026086958,0,Matched (3),0
10.689943,18.265335,474,-.060281754,.060281754,.087550119,-.78539819,-.19739556,37.436092,.44352627,374.36093,374,.026086958,0,Matched (3),0
10.629662,18.325617,475,-.060281754,.060281754,.087550119,-.78539819,0,37.523643,50000,375.23645,375,.026086958,0,Matched (3),0
10.589474,18.385899,476,-.040187836,.060281754,.074403301,-.58800262,.19739556,37.598045,.3769249,375.98047,375,.026086958,0,Matched (3),0
10.549286,18.44618,477,-.040187836,.060281754,.074403301,-.58800262,0,37.672447,50000,376.72449,376,.039130434,.013043476,Matched (3),.17530777
10.489005,18.506462,478,-.0602808,.060281754,.087549433,-.78539026,-.19738764,37.759998,.4435406,377.59998,377,.039130434,0,Matched (3),0
10.428723,18.566744,479,-.060281754,.060281754,.087550119,-.78539819,-7.9274178e-06,37.847549,11043.964,378.47549,378,.052173916,.013043482,Matched (3),.14898303
10.368442,18.627026,480,-.060281754,.060281754,.087550119,-.78539819,0,37.935097,50000,379.35095,379,.052173916,0,Matched (3),0
10.30816,18.667213,481,-.060281754,.040187836,.074403301,-.98279375,-.19739556,38.009502,.3769249,380.09503,380,.052173916,0,Matched (3),0
10.247878,18.707401,482,-.060281754,.040187836,.074403301,-.98279375,0,38.083904,50000,380.83905,380,.052173916,0,Matched (3),0
10.187596,18.767683,483,-.060281754,.060281754,.087550119,-.78539819,.19739556,38.171455,.44352627,381.71454,381,.052173916,0,Matched (3),0
10.127315,18.807871,484,-.060281754,.040187836,.074403301,-.98279375,-.19739556,38.245857,.3769249,382.45856,382,.052173916,0,Matched (3),0
10.067033,18.848059,485,-.060281754,.040187836,.074403301,-.98279375,0,38.320263,50000,383.20264,383,.052173916,0,Matched (3),0
9.9866581,18.90834,486,-.080374718,.060281754,.10317803,-.92728955,.055504203,38.423439,1.8589228,384.23438,384,.052173916,0,Matched (3),0
9.9263763,18.968622,487,-.060281754,.060281754,.087550119,-.78539819,.14189136,38.51099,.61702222,385.10989,385,.052173916,0,Matched (3),0
9.8460007,19.028904,488,-.080375671,.060281754,.10317881,-.92729521,-.14189702,38.61417,.7271387,386.14169,386,.052173916,0,Matched (3),0
9.7857189,19.089184,489,-.060281754,.060279846,.08754874,-.78541398,.14188123,38.701717,.61705655,387.01718,387,.052173916,0,Matched (3),0
9.7254372,19.149466,490,-.060281754,.060281754,.087550119,-.78539819,.000015795231,38.789268,5542.8198,387.8927,387,.052173916,0,Matched (3),0
9.6651554,19.189653,491,-.060281754,.040187836,.074403301,-.98279375,-.19739556,38.86367,.3769249,388.63672,388,.039130434,-.013043482,Matched (3),-.17530784
9.6048737,19.249935,492,-.060281754,.060281754,.087550119,-.78539819,.19739556,38.951221,.44352627,389.51221,389,.039130434,0,Matched (3),0
9.524498,19.290123,493,-.080375671,.040187836,.092285939,-1.1071488,-.32175058,39.043507,.28682446,390.43506,390,.026086958,-.013043476,Matched (3),-.14133763
9.4642172,19.350405,494,-.0602808,.060281754,.087549433,-.78539026,.32175851,39.131058,.27209672,391.31058,391,.026086958,0,Matched (3),0
9.4039354,19.390593,495,-.060281754,.040187836,.074403301,-.98279375,-.19740349,39.20546,.37690976,392.0546,392,.026086958,0,Matched (3),0
9.3436537,19.450874,496,-.060281754,.060281754,.087550119,-.78539819,.19739556,39.293011,.44352627,392.93011,392,.026086958,0,Matched (3),0
9.2833719,19.511156,497,-.060281754,.060281754,.087550119,-.78539819,0,39.380558,50000,393.80557,393,.026086958,0,Matched (3),0
9.2230902,19.551344,498,-.060281754,.040187836,.074403301,-.98279375,-.19739556,39.454964,.3769249,394.54962,394,.026086958,0,Matched (3),0
9.1628084,19.611626,499,-.060281754,.060281754,.087550119,-.78539819,.19739556,39.542515,.44352627,395.42514,395,.026086958,0,Matched (3),0
9.1025267,19.671907,500,-.060281754,.060281754,.087550119,-.78539819,0,39.630062,50000,396.30063,396,.026086958,0,Matched (3),0
9.0422449,19.732189,501,-.060281754,.060281754,.087550119,-.78539819,0,39.717613,50000,397.17615,397,.013043479,-.013043479,Matched (3),-.148983
8.9618702,19.772377,502,-.080374718,.040187836,.092285052,-1.107144,-.32174581,39.809898,.28682595,398.099,398,.013043479,0,Matched (3),0
8.9015884,19.792471,503,-.060281754,.020093918,.065256007,-1.2490457,-.14190173,39.875153,.4598676,398.75153,398,.013043479,0,Matched (3),0
8.8212128,19.792471,504,-.080375671,0,.082543045,-1.5707964,-.32175064,39.957699,.25654352,399.577,399,.013043479,0,Matched (3),0
8.7408371,19.852753,505,-.080375671,.060281754,.10317881,-.92729521,.64350116,40.060875,.16033974,400.60876,400,.026086958,.013043479,Matched (3),.12641625
8.7006493,19.913034,506,-.040187836,.060281754,.074403301,-.58800262,.33929259,40.135281,.2192895,401.35281,401,.039130434,.013043476,Matched (3),.17530777
8.6403675,19.953222,507,-.060281754,.040187836,.074403301,-.98279375,-.39479113,40.209682,.18846245,402.09683,402,.052173916,.013043482,Matched (3),.17530784
8.5599918,19.973316,508,-.080375671,.020093918,.085083425,-1.3258177,-.34302396,40.294765,.24803931,402.94766,402,.052173916,.013043482,Matched (3),.15330227
8.5398989,20.073784,509,-.020092964,.10046768,.10522004,-.19739008,1.1284276,40.399986,.093244828,403.99988,403,.065217391,.013043474,Matched (3),.12396378
8.519805,20.15416,510,-.020093918,.080375671,.085083425,-.24497867,-.047588587,40.485069,1.7878956,404.85071,404,.052173916,-.013043474,Matched (3),-.15330218
8.4796171,20.234535,511,-.040187836,.080375671,.092285939,-.4636476,-.21866894,40.577354,.42203498,405.77356,405,.052173916,0,Matched (3),0
8.4193354,20.254629,512,-.060281754,.020093918,.065256007,-1.2490457,-.78539813,40.642612,.083086535,406.42612,406,.052173916,0,Matched (3),0
8.3590536,20.194347,513,-.060281754,-.060281754,.087550119,-2.3561945,-1.1071488,40.730164,.079077102,407.30164,407,.039130434,-.013043482,Matched (3),-.14898303
8.3389597,20.113972,514,-.020093918,-.080375671,.085083425,-2.8966141,-.54041958,40.815247,.15743957,408.15247,408,.039130434,0,Matched (3),0
8.3389597,20.033596,515,0,-.080375671,.082543045,3.1415927,6.0382071,40.897789,.013670126,408.97791,408,.039130434,0,Matched (3),0
8.3389597,19.953222,516,0,-.080373764,.082541093,3.1415927,0,40.980328,50000,409.80328,409,.039130434,0,Matched (3),0
8.3188658,19.892941,517,-.020093918,-.060281754,.065256007,-2.8198421,-5.9614348,41.045586,.010946359,410.45587,410,.052173916,.013043482,Matched (3),.1998817
8.258584,19.852753,518,-.060281754,-.040187836,.074403301,-2.1587989,.66104317,41.119987,.11255438,411.19989,411,.052173916,0,Matched (3),0
8.1782084,19.892941,519,-.080375671,.040187836,.092285939,-1.1071488,1.0516502,41.212273,.08775346,412.12274,412,.052173916,0,Matched (3),0
8.1380205,19.933128,520,-.040187836,.040187836,.058366749,-.78539819,.32175058,41.270641,.18140371,412.70642,412,.052173916,0,Matched (3),0
8.0576448,19.973316,521,-.080375671,.040187836,.092285939,-1.1071488,-.32175058,41.362926,.28682446,413.62927,413,.052173916,0,Matched (3),0
8.017458,20.033596,522,-.040186882,.060279846,.074401125,-.58800626,.51914251,41.437328,.14331542,414.37329,414,.052173916,0,Matched (3),0
7.9571757,20.073784,523,-.06028223,.040187836,.074403711,-.98279738,-.39479113,41.51173,.18846348,415.11731,415,.052173916,0,Matched (3),0
7.8968945,20.134066,524,-.060281277,.060281754,.087549776,-.78539419,.19740319,41.599281,.4435074,415.9928,415,.052173916,0,Matched (3),0
7.8366127,20.214441,525,-.060281754,.080375671,.10317881,-.6435011,.14189309,41.702461,.72715884,417.0246,417,.052173916,0,Matched (3),0
7.7964249,20.274723,526,-.040187836,.060281754,.074403301,-.58800262,.055498481,41.776863,1.3406367,417.76862,417,.052173916,0,Matched (3),0
7.756237,20.335005,527,-.040187836,.060281754,.074403301,-.58800262,0,41.851269,50000,418.5127,418,.052173916,0,Matched (3),0
7.7160492,20.395287,528,-.040187836,.060281754,.074403301,-.58800262,0,41.925671,50000,419.25671,419,.052173916,0,Matched (3),0
7.6557679,20.455568,529,-.060281277,.060281754,.087549776,-.78539419,-.19739157,42.013222,.44353351,420.1322,420,.065217391,.013043474,Matched (3),.14898352
7.5954862,20.51585,530,-.060281754,.060281754,.087550119,-.78539819,-3.9935112e-06,42.100769,21923.094,421.00769,421,.065217391,0,Matched (3),0
7.5552983,20.596226,531,-.040187836,.080375671,.092285939,-.4636476,.32175058,42.193058,.28682446,421.93057,421,.065217391,0,Matched (3),0
7.5352044,20.656507,532,-.020093918,.060281754,.065256007,-.32175055,.14189705,42.258312,.45988277,422.58313,422,.065217391,0,Matched (3),0
7.5151105,20.716789,533,-.020093918,.060281754,.065256007,-.32175055,0,42.32357,50000,423.23572,423,.065217391,0,Matched (3),0
7.4950166,20.777071,534,-.020093918,.060281754,.065256007,-.32175055,0,42.388824,50000,423.88824,423,.065217391,0,Matched (3),0
7.4749227,20.857447,535,-.020093918,.080375671,.085083425,-.24497867,.076771885,42.473907,1.1082628,424.73907,424,.065217391,0,Matched (3),0
7.4548287,20.937822,536,-.020093918,.080375671,.085083425,-.24497867,0,42.55899,50000,425.5899,425,.065217391,0,Matched (3),0
7.4548287,21.018196,537,0,.080373764,.082541093,0,.24497867,42.641533,.33693177,426.41534,426,.065217391,0,Matched (3),0
7.4548287,21.098572,538,0,.080375671,.082543045,0,0,42.724075,50000,427.24075,427,.078260869,.013043478,Matched (3),.15802032
7.4548287,21.178947,539,0,.080375671,.082543045,0,0,42.806618,50000,428.06616,428,.078260869,0,Matched (3),0
7.4950166,21.239229,540,.040187836,.060281754,.074403301,.58800262,.58800262,42.881023,.12653567,428.81024,428,.078260869,0,Matched (3),0
7.5352044,21.299511,541,.040187836,.060281754,.074403301,.58800262,0,42.955425,50000,429.55426,429,.078260869,0,Matched (3),0
7.5753922,21.359793,542,.040187836,.060281754,.074403301,.58800262,0,43.029827,50000,430.29828,430,.091304347,.013043478,Matched (3),.1753078
7.5954862,21.420074,543,.020093918,.060281754,.065256007,.32175055,-.26625207,43.095085,.24509108,430.95087,430,.091304347,.013043478,Matched (3),.19988164
7.635674,21.480356,544,.040187836,.060281754,.074403301,.58800262,.26625207,43.169487,.27944684,431.69489,431,.091304347,0,Matched (3),0
7.6557679,21.540638,545,.020093918,.060281754,.065256007,.32175055,-.26625207,43.234745,.24509108,432.34744,432,.091304347,0,Master only (1),0
7.6758618,21.60092,546,.020093918,.060281754,.065256007,.32175055,0,43.299999,50000,433,433,.078260869,-.013043478,Matched (3),-.19988164
