x_var,y_var,point,diff_x,diff_y,distance,theta,diff_theta,cumulative_distance,r,cumulative_distance_100_actual,cumulative_distance_100_dummy,height,diff_height,_merge,grade
11.526833,5.7870369,1,0,0,0,,0,0,50000,0,0,.0088888891,0,Matched (3),0
11.574074,5.7397957,2,.047241211,-.047241211,.070893466,2.3561945,0,.070893466,50000,7.0893469,7,.0099999998,.0011111107,Matched (3),.015672963
11.644936,5.692555,3,.070861816,-.047240734,.090371512,2.1587942,-.19740033,.16126499,.45780832,16.126499,16,.0099999998,0,Master only (1),0
11.715797,5.6453137,4,.070861816,-.047241211,.090371795,2.1587989,4.7683716e-06,.25163677,18952.34,25.163677,25,.0099999998,0,Master only (1),0
11.763039,5.6216931,5,.047241211,-.023620605,.05604621,2.0344439,-.12435508,.30768299,.45069498,30.768299,30,.0099999998,0,Master only (1),0
11.857521,5.5744519,6,.094482422,-.047241211,.11209242,2.0344439,0,.4197754,50000,41.977539,41,.0099999998,0,Master only (1),0
11.904762,5.5035901,7,.047241211,-.070861816,.090371795,2.5535901,.5191462,.51014721,.17407773,51.014721,51,.0099999998,0,Master only (1),0
11.952003,5.4327288,8,.047241211,-.07086134,.09037137,2.553587,-3.0994415e-06,.60051858,29157.309,60.051857,60,.0099999998,0,Master only (1),0
11.999244,5.4091082,9,.047240257,-.023620605,.056045305,2.034452,-.519135,.65656388,.10795902,65.656387,65,.0099999998,0,Master only (1),0
12.070106,5.361867,10,.070861816,-.047241211,.090371795,2.1587989,.12434697,.74693567,.72677118,74.693565,74,.0099999998,0,Master only (1),0
12.140967,5.3382463,11,.070861816,-.023620605,.07926131,1.8925469,-.26625204,.82619697,.29769278,82.619698,82,.0099999998,0,Master only (1),0
12.211829,5.3146257,12,.070861816,-.023620605,.07926131,1.8925469,0,.90545827,50000,90.54583,90,.0099999998,0,Master only (1),0
12.282691,5.2673845,13,.070861816,-.047241211,.090371795,2.1587989,.26625204,.99583006,.33942199,99.583008,99,.0099999998,0,Master only (1),0
12.353553,5.2437644,14,.070861816,-.023620129,.079261146,1.8925408,-.26625812,1.0750912,.29768535,107.50912,107,.0099999998,0,Master only (1),0
12.424415,5.2201438,15,.070861816,-.023620605,.07926131,1.8925469,6.0796738e-06,1.1543525,13037.1,115.43526,115,.011111111,-.0011111107,Matched (3),-.014018323
12.518896,5.1965232,16,.094481468,-.023620605,.10334312,1.8157774,-.076769471,1.2576957,1.3461487,125.76957,125,.011111111,0,Master only (1),0
12.589758,5.1729026,17,.070861816,-.023620605,.07926131,1.8925469,.076769471,1.336957,1.0324588,133.69569,133,.011111111,0,Master only (1),0
12.636999,5.1729026,18,.047241211,0,.050129253,1.5707964,-.32175052,1.3870863,.15580162,138.70863,138,.011111111,0,Master only (1),0
12.68424,5.1965232,19,.047241211,.023620605,.05604621,1.1071488,-.4636476,1.4431324,.12088105,144.31323,144,.014444444,.0011111107,Matched (3),.019824903
12.68424,5.2437644,20,0,.047241211,.050129253,0,-1.1071488,1.4932617,.045277793,149.32617,149,.014444444,0,Master only (1),0
12.66062,5.2910051,21,-.023620605,.047240734,.056045756,-.46365166,-.46365166,1.5493075,.12087902,154.93074,154,.014444444,0,Master only (1),0
12.636999,5.3146257,22,-.023620605,.023620605,.035446733,-.78539819,-.32174653,1.5847542,.11016975,158.47542,158,.014444444,0,Matched (3),0
12.589758,5.361867,23,-.047241211,.047241211,.070893466,-.78539819,0,1.6556476,50000,165.56476,165,.014444444,0,Matched (3),0
12.542517,5.4091082,24,-.047241211,.047241211,.070893466,-.78539819,0,1.7265412,50000,172.65411,172,.014444444,0,Master only (1),0
12.495275,5.4563494,25,-.047241211,.047241211,.070893466,-.78539819,0,1.7974346,50000,179.74345,179,.014444444,0,Master only (1),0
12.448035,5.5035901,26,-.047240257,.047240734,.070892394,-.78539312,5.0663948e-06,1.868327,13992.671,186.8327,186,.014444444,0,Master only (1),0
12.400794,5.5508313,27,-.047241211,.047241211,.070893466,-.78539819,-5.0663948e-06,1.9392204,13992.883,193.92204,193,.014444444,0,Master only (1),0
12.353553,5.5980725,28,-.047241211,.047241211,.070893466,-.78539819,0,2.010114,50000,201.0114,201,.014444444,0,Master only (1),0
12.329932,5.6216931,29,-.023620605,.023620605,.035446733,-.78539819,0,2.0455606,50000,204.55606,204,.014444444,0,Master only (1),0
12.282691,5.6689343,30,-.047241211,.047241211,.070893466,-.78539819,0,2.1164541,50000,211.64542,211,.014444444,0,Master only (1),0
12.25907,5.7397957,31,-.023620605,.07086134,.079260826,-.32175258,.46364561,2.195715,.17095132,219.5715,219,.014444444,0,Master only (1),0
12.25907,5.7870369,32,0,.047241211,.050129253,0,.32175258,2.2458441,.15580063,224.58441,224,.014444444,0,Master only (1),0
12.25907,5.8815193,33,0,.094482422,.10025851,0,0,2.3461027,50000,234.61028,234,.014444444,0,Master only (1),0
12.23545,5.9287605,34,-.023620605,.047241211,.05604621,-.4636476,-.4636476,2.402149,.12088105,240.21489,240,.014444444,0,Master only (1),0
12.211829,5.9760017,35,-.023620605,.047241211,.05604621,-.4636476,0,2.4581952,50000,245.81952,245,.0088888891,-.0011111107,Matched (3),-.019824903
12.164588,5.9760017,36,-.047241211,0,.050129253,-1.5707964,-1.1071488,2.5083244,.045277793,250.83244,250,.0088888891,0,Master only (1),0
12.093726,5.9996219,37,-.070861816,.023620129,.079261146,-1.2490518,.32174456,2.5875854,.24634805,258.75854,258,.0088888891,0,Master only (1),0
12.046485,5.9996219,38,-.047241211,0,.050129253,-1.5707964,-.32174456,2.6377149,.15580451,263.77148,263,.0088888891,0,Master only (1),0
12.022864,6.0232425,39,-.023620605,.023620605,.035446733,-.78539819,.78539819,2.6731615,.045132183,267.31616,267,.0088888891,0,Master only (1),0
11.999244,6.0941043,40,-.023620605,.070861816,.07926131,-.32175055,.46364763,2.7524228,.1709516,275.24228,275,.0088888891,0,Master only (1),0
11.999244,6.1413455,41,0,.047241211,.050129253,0,.32175055,2.802552,.15580161,280.25519,280,.0088888891,0,Master only (1),0
11.999244,6.2122073,42,0,.070861816,.075193882,0,0,2.8777459,50000,287.7746,287,.0088888891,0,Master only (1),0
11.999244,6.2830687,43,0,.07086134,.075193375,0,0,2.9529393,50000,295.29391,295,.0088888891,.0011111111,Matched (3),.014776716
11.999244,6.3775511,44,0,.094482422,.10025851,0,0,3.0531979,50000,305.31979,305,.0088888891,0,Master only (1),0
11.999244,6.4484129,45,0,.070861816,.075193882,0,0,3.1283917,50000,312.83917,312,.0088888891,0,Master only (1),0
12.022864,6.5192742,46,.023620605,.07086134,.079260826,.32175258,.32175258,3.2076526,.24634092,320.76526,320,.0088888891,0,Master only (1),0
12.046485,6.5665154,47,.023620605,.047241211,.05604621,.4636476,.14189503,3.2636988,.39498362,326.36987,326,.0088888891,0,Master only (1),0
12.070106,6.6137567,48,.023620605,.047241211,.05604621,.4636476,0,3.3197451,50000,331.97452,331,.0066666668,-.0011111111,Matched (3),-.019824911
12.093726,6.6609979,49,.023620605,.047241211,.05604621,.4636476,0,3.3757911,50000,337.5791,337,.0066666668,0,Master only (1),0
12.093726,6.7554798,50,0,.094481945,.100258,0,-.4636476,3.4760492,.2162375,347.60492,347,.0066666668,0,Master only (1),0
12.093726,6.802721,51,0,.047241211,.050129253,0,0,3.5261784,50000,352.61783,352,.0066666668,0,Master only (1),0
12.093726,6.8735828,52,0,.070861816,.075193882,0,0,3.6013722,50000,360.13724,360,.0033333334,-.0011111111,Matched (3),-.014776616
12.140967,6.9208241,53,.047241211,.047241211,.070893466,.78539819,.78539819,3.6722658,.090264365,367.22656,367,.0022222223,-.0011111111,Matched (3),-.015672969
12.188209,6.9680648,54,.047241211,.047240734,.070893116,.78540319,5.0067902e-06,3.7431588,14159.395,374.31589,374,.0022222223,0,Master only (1),0
12.211829,7.0389266,55,.023620605,.070861816,.07926131,.32175055,-.46365264,3.8224201,.17094977,382.242,382,.0022222223,0,Matched (3),0
12.23545,7.0861678,56,.023620605,.047241211,.05604621,.4636476,.14189705,3.8784664,.39497799,387.84665,387,.0022222223,0,Master only (1),0
12.282691,7.1570296,57,.047241211,.070861816,.090371795,.58800262,.12435502,3.9688382,.72672415,396.88382,396,.0022222223,0,Matched (3),0
12.306312,7.2042704,58,.023620605,.047240734,.056045756,.46365166,-.12435097,4.0248837,.45070624,402.48837,402,.0022222223,0,Master only (1),0
12.353553,7.2751322,59,.047241211,.070861816,.090371795,.58800262,.12435097,4.1152558,.72674781,411.52557,411,.0033333334,.0011111111,Matched (3),.012294888
12.377173,7.345994,60,.023620605,.070861816,.07926131,.32175055,-.26625207,4.1945171,.29769275,419.45172,419,.0033333334,0,Master only (1),0
12.424415,7.4168558,61,.047241211,.070861816,.090371795,.58800262,.26625207,4.2848887,.33942193,428.48886,428,.0033333334,0,Master only (1),0
12.471655,7.4877172,62,.047240257,.07086134,.090370812,.58799636,-6.2584877e-06,4.3752599,14439.721,437.526,437,.0033333334,0,Master only (1),0
12.495275,7.558579,63,.023620605,.070861816,.07926131,.32175055,-.26624581,4.4545212,.29769975,445.45212,445,.0033333334,0,Master only (1),0
12.542517,7.6294408,64,.047241211,.070861816,.090371795,.58800262,.26625207,4.5448928,.33942193,454.48929,454,.0022222223,-.0011111111,Matched (3),-.012294888
12.566137,7.7003021,65,.023620605,.07086134,.079260826,.32175258,-.26625004,4.6241536,.29769319,462.41537,462,.0022222223,0,Master only (1),0
12.589758,7.7711639,66,.023620605,.070861816,.07926131,.32175055,-2.0265579e-06,4.7034149,39111.297,470.34149,470,.0022222223,0,Master only (1),0
12.613379,7.8420258,67,.023620605,.070861816,.07926131,.32175055,0,4.7826762,50000,478.26761,478,.0022222223,0,Master only (1),0
12.636999,7.9128876,68,.023620605,.070861816,.07926131,.32175055,0,4.8619375,50000,486.19376,486,.0022222223,0,Master only (1),0
12.66062,7.9837489,69,.023620605,.07086134,.079260826,.32175258,2.0265579e-06,4.9411983,39111.059,494.11984,494,.0022222223,0,Master only (1),0
12.68424,8.0782309,70,.023620605,.094481945,.10334361,.24497984,-.076772735,5.0445418,1.3460977,504.45419,504,.0022222223,0,Master only (1),0
12.707861,8.1490927,71,.023620605,.070861816,.07926131,.32175055,.076770708,5.1238031,1.0324421,512.38031,512,.0033333334,0,Matched (3),0
12.731482,8.2199545,72,.023620605,.070861816,.07926131,.32175055,0,5.2030644,50000,520.30646,520,.0033333334,0,Master only (1),0
12.755102,8.2908163,73,.023620605,.070861816,.07926131,.32175055,0,5.2823257,50000,528.23254,528,.0033333334,0,Master only (1),0
12.778723,8.3852987,74,.023620605,.094482422,.1033441,.24497867,-.076771885,5.3856702,1.346119,538.56702,538,.0033333334,0,Master only (1),0
12.825964,8.4797812,75,.047241211,.094482422,.11209242,.4636476,.21866894,5.4977622,.51261246,549.77625,549,.0033333334,0,Master only (1),0
12.849585,8.5270224,76,.023620605,.047241211,.05604621,.4636476,0,5.5538087,50000,555.38086,555,.0022222223,0,Matched (3),0
12.873205,8.5978832,77,.023620605,.070860863,.079260349,.3217546,-.141893,5.633069,.55859238,563.30688,563,.0022222223,0,Master only (1),0
12.896826,8.6451244,78,.023620605,.047241211,.05604621,.4636476,.141893,5.689115,.39498925,568.9115,568,.0022222223,0,Master only (1),0
12.920446,8.7396069,79,.023620605,.094482422,.1033441,.24497867,-.21866894,5.7924595,.47260529,579.24597,579,.0022222223,0,Master only (1),0
12.967687,8.8104687,80,.047240257,.070861816,.090371236,.58799326,.3430146,5.8828306,.26346177,588.28308,588,.0022222223,0,Master only (1),0
13.038548,8.8813305,81,.070861816,.070861816,.10634021,.78539819,.19740492,5.9891706,.53869075,598.91705,598,.0011111111,0,Matched (3),0
13.062169,8.9758129,82,.023620605,.094482422,.1033441,.24497867,-.54041952,6.092515,.19122939,609.25153,609,.0011111111,0,Master only (1),0
13.08579,9.0466738,83,.023620605,.070860863,.079260349,.3217546,.076775938,6.1717753,1.0323592,617.17755,617,.0011111111,0,Master only (1),0
13.10941,9.093915,84,.023620605,.047241211,.05604621,.4636476,.141893,6.2278214,.39498925,622.7821,622,.0011111111,0,Master only (1),0
13.156651,9.1647768,85,.047241211,.070861816,.090371795,.58800262,.12435502,6.318193,.72672415,631.81927,631,.0011111111,0,Master only (1),0
13.203893,9.2592592,86,.047241211,.094482422,.11209242,.4636476,-.12435502,6.4302855,.90139043,643.02856,643,.0011111111,0,Master only (1),0
13.203893,9.330121,87,0,.070861816,.075193882,0,-.4636476,6.5054793,.16217895,650.54791,650,.0011111111,0,Master only (1),0
13.180272,9.4246035,88,-.023620605,.094482422,.1033441,-.24497867,-.24497867,6.6088238,.42184937,660.88239,660,.0011111111,0,Master only (1),0
13.156651,9.4718447,89,-.023620605,.047241211,.05604621,-.4636476,-.21866894,6.6648698,.25630623,666.487,666,.0011111111,0,Master only (1),0
13.133031,9.5427055,90,-.023620605,.070860863,.079260349,-.3217546,.141893,6.7441301,.55859238,674.41302,674,.0011111111,0,Master only (1),0
13.10941,9.6135674,91,-.023620605,.070861816,.07926131,-.32175055,4.0531158e-06,6.8233914,19555.648,682.33917,682,.0011111111,0,Master only (1),0
13.08579,9.7080498,92,-.023620605,.094482422,.1033441,-.24497867,.076771885,6.9267354,1.346119,692.67352,692,.0022222223,-.0011111111,Matched (3),-.010751569
13.062169,9.8025322,93,-.023620605,.094482422,.1033441,-.24497867,0,7.0300798,50000,703.008,703,.0022222223,0,Master only (1),0
13.014928,9.873394,94,-.047241211,.070861816,.090371795,-.58800262,-.34302396,7.1204515,.26345623,712.04517,712,.0022222223,0,Master only (1),0
13.014928,9.9678764,95,0,.094482422,.10025851,0,.58800262,7.2207098,.17050691,722.07098,722,.0022222223,0,Master only (1),0
13.014928,10.038737,96,0,.070860863,.075192869,0,0,7.2959027,50000,729.59027,729,.0022222223,0,Master only (1),0
13.014928,10.13322,97,0,.094482422,.10025851,0,0,7.3961611,50000,739.61609,739,.0022222223,0,Master only (1),0
13.014928,10.204082,98,0,.070861816,.075193882,0,0,7.4713554,50000,747.13556,747,.0022222223,0,Master only (1),0
13.014928,10.274943,99,0,.070861816,.075193882,0,0,7.5465488,50000,754.65491,754,.0022222223,0,Master only (1),0
13.014928,10.369426,100,0,.094482422,.10025851,0,0,7.6468077,50000,764.68079,764,.0011111111,0,Matched (3),0
13.014928,10.440288,101,0,.070861816,.075193882,0,0,7.7220016,50000,772.20013,772,.0011111111,0,Master only (1),0
13.014928,10.534769,102,0,.094481468,.10025749,0,0,7.8222589,50000,782.22589,782,.0011111111,0,Master only (1),0
13.014928,10.605631,103,0,.070861816,.075193882,0,0,7.8974528,50000,789.7453,789,.0011111111,0,Master only (1),0
12.967687,10.676493,104,-.047241211,.070861816,.090371795,-.58800262,-.58800262,7.9878244,.15369284,798.78247,798,.0011111111,0,Master only (1),0
12.944066,10.770975,105,-.023620605,.094482422,.1033441,-.24497867,.34302396,8.0911684,.3012737,809.11682,809,.0011111111,0,Master only (1),0
12.920446,10.889078,106,-.023619652,.11810303,.12780482,-.1973878,.047590867,8.2189732,2.6854904,821.89734,821,.0011111111,0,Master only (1),0
12.896826,10.95994,107,-.023620605,.070861816,.07926131,-.32175055,-.12436275,8.2982349,.63733965,829.82349,829,.0011111111,0,Matched (3),0
12.873205,11.00718,108,-.023620605,.047240257,.056045305,-.46365568,-.14190513,8.3542805,.39494911,835.42804,835,.0011111111,0,Master only (1),0
12.825964,11.078042,109,-.047241211,.070861816,.090371795,-.58800262,-.12434694,8.4446516,.72677135,844.46515,844,.0011111111,0,Matched (3),0
12.802343,11.148904,110,-.023620605,.070861816,.07926131,-.32175055,.26625207,8.5239134,.29769275,852.39136,852,.0011111111,0,Master only (1),0
12.755102,11.219766,111,-.047241211,.070861816,.090371795,-.58800262,-.26625207,8.6142855,.33942193,861.42853,861,.0011111111,0,Master only (1),0
12.707861,11.290627,112,-.047241211,.070861816,.090371795,-.58800262,0,8.7046566,50000,870.46564,870,.0011111111,0,Master only (1),0
12.636999,11.361489,113,-.070861816,.070861816,.10634021,-.78539819,-.19739556,8.810997,.53871632,881.09973,881,.0011111111,0,Master only (1),0
12.613379,11.408731,114,-.023620605,.047241211,.05604621,-.4636476,.32175058,8.8670435,.17419147,886.70435,886,.0011111111,0,Master only (1),0
12.589758,11.455972,115,-.023620605,.047241211,.05604621,-.4636476,0,8.923089,50000,892.3089,892,.0011111111,0,Master only (1),0
12.542517,11.526833,116,-.047241211,.070860863,.090370953,-.58800882,-.12436122,9.0134602,.72668117,901.34601,901,.0011111111,0,Matched (3),0
12.495275,11.597694,117,-.047241211,.070861816,.090371795,-.58800262,6.1988831e-06,9.1038322,14578.723,910.38324,910,.0011111111,0,Master only (1),0
12.471655,11.692177,118,-.023620605,.094482422,.1033441,-.24497867,.34302396,9.2071762,.3012737,920.71765,920,.0011111111,0,Master only (1),0
12.448035,11.763039,119,-.023619652,.070861816,.07926099,-.32173845,-.076759785,9.286437,1.0325848,928.64368,928,.0011111111,0,Master only (1),0
12.424415,11.8339,120,-.023620605,.070861816,.07926131,-.32175055,-.000012099743,9.3656988,6550.6606,936.56989,936,.0011111111,0,Master only (1),0
12.377173,11.928383,121,-.047241211,.094482422,.11209242,-.4636476,-.14189705,9.4777908,.78995597,947.77905,947,.0011111111,0,Master only (1),0
12.353553,11.999244,122,-.023620605,.070860863,.079260349,-.3217546,.141893,9.5570517,.55859238,955.70514,955,.0011111111,0,Master only (1),0
12.353553,12.070106,123,0,.070861816,.075193882,0,.3217546,9.6322451,.23369947,963.22449,963,.0011111111,0,Master only (1),0
12.353553,12.164588,124,0,.094482422,.10025851,0,0,9.7325039,50000,973.25037,973,.0011111111,0,Matched (3),0
12.329932,12.25907,125,-.023620605,.094482422,.1033441,-.24497867,-.24497867,9.8358479,.42184937,983.58478,983,.0011111111,0,Master only (1),0
12.329932,12.329932,126,0,.070861816,.075193882,0,.24497867,9.9110422,.30694053,991.10425,991,.0011111111,0,Master only (1),0
12.329932,12.377173,127,0,.047241211,.050129253,0,0,9.9611712,50000,996.11713,996,.0011111111,0,Master only (1),0
12.329932,12.471655,128,0,.094481468,.10025749,0,0,10.061428,50000,1006.1428,1006,.0011111111,0,Master only (1),0
12.329932,12.566137,129,0,.094482422,.10025851,0,0,10.161687,50000,1016.1687,1016,.0011111111,0,Master only (1),0
12.329932,12.68424,130,0,.11810303,.12532313,0,0,10.28701,50000,1028.701,1028,.0011111111,0,Master only (1),0
12.306312,12.778723,131,-.023620605,.094482422,.1033441,-.24497867,-.24497867,10.390354,.42184937,1039.0354,1039,.0011111111,0,Master only (1),0
12.23545,12.849585,132,-.070861816,.070861816,.10634021,-.78539819,-.54041952,10.496695,.19677344,1049.6694,1049,.0011111111,0,Master only (1),0
12.164588,12.944066,133,-.070861816,.094481468,.12532233,-.64350593,.14189225,10.622017,.88322175,1062.2017,1062,.0011111111,0,Master only (1),0
12.117347,13.014928,134,-.047241211,.070861816,.090371795,-.58800262,.055503309,10.712389,1.6282235,1071.2389,1071,.0011111111,0,Master only (1),0
12.046485,13.08579,135,-.070861816,.070861816,.10634021,-.78539819,-.19739556,10.818728,.53871632,1081.8728,1081,.0011111111,0,Master only (1),0
11.999244,13.156651,136,-.047241211,.070861816,.090371795,-.58800262,.19739556,10.909101,.4578208,1090.91,1090,.0011111111,0,Master only (1),0
11.952003,13.227513,137,-.047240257,.070861816,.090371236,-.58799326,9.3579292e-06,10.999472,9657.1836,1099.9471,1099,.0011111111,0,Master only (1),0
11.881142,13.298375,138,-.070861816,.070861816,.10634021,-.78539819,-.19740492,11.105812,.53869075,1110.5812,1110,.0011111111,0,Master only (1),0
11.81028,13.369237,139,-.070861816,.070861816,.10634021,-.78539819,0,11.212152,50000,1121.2152,1121,.0011111111,0,Master only (1),0
11.763039,13.321996,140,-.047241211,-.047241211,.070893466,-2.3561945,-1.5707963,11.283046,.045132183,1128.3046,1128,.0011111111,0,Master only (1),0
11.739418,13.274755,141,-.023620605,-.047241211,.05604621,-2.6779451,-.32175064,11.339092,.17419145,1133.9092,1133,.0011111111,0,Master only (1),0
11.715797,13.227513,142,-.023620605,-.047241211,.05604621,-2.6779451,0,11.395138,50000,1139.5138,1139,.0066666668,.0011111111,Matched (3),.019824911
11.668556,13.156651,143,-.047241211,-.070861816,.090371795,-2.5535901,.12435508,11.48551,.72672379,1148.551,1148,.0066666668,0,Master only (1),0
11.621315,13.08579,144,-.047241211,-.070861816,.090371795,-2.5535901,0,11.575882,50000,1157.5881,1157,.0066666668,0,Master only (1),0
11.574074,13.014928,145,-.047241211,-.070861816,.090371795,-2.5535901,0,11.666253,50000,1166.6254,1166,.0066666668,0,Master only (1),0
11.526833,12.944066,146,-.047241211,-.070861816,.090371795,-2.5535901,0,11.756625,50000,1175.6625,1175,.0066666668,0,Matched (3),0
11.479591,12.873205,147,-.047241211,-.070860863,.090370953,-2.5535839,6.1988831e-06,11.846996,14578.587,1184.6996,1184,.0066666668,0,Master only (1),0
11.432351,12.802343,148,-.047240257,-.070861816,.090371236,-2.5535994,-.000015497208,11.937367,5831.4531,1193.7367,1193,.0066666668,0,Master only (1),0
11.38511,12.731482,149,-.047241211,-.070861816,.090371795,-2.5535901,9.2983246e-06,12.02774,9719.1484,1202.7739,1202,.0066666668,0,Master only (1),0
11.337869,12.66062,150,-.047241211,-.070861816,.090371795,-2.5535901,0,12.118111,50000,1211.811,1211,.0066666668,0,Master only (1),0
11.290627,12.589758,151,-.047241211,-.070861816,.090371795,-2.5535901,0,12.208483,50000,1220.8483,1220,.0066666668,0,Master only (1),0
11.243386,12.518896,152,-.047241211,-.070861816,.090371795,-2.5535901,0,12.298855,50000,1229.8855,1229,.0066666668,0,Master only (1),0
11.196145,12.448035,153,-.047241211,-.070860863,.090370953,-2.5535839,6.1988831e-06,12.389226,14578.587,1238.9226,1238,.0066666668,0,Master only (1),0
11.148904,12.377173,154,-.047241211,-.070861816,.090371795,-2.5535901,-6.1988831e-06,12.479597,14578.723,1247.9597,1247,.0066666668,0,Master only (1),0
11.078042,12.282691,155,-.070861816,-.094482422,.12532313,-2.4980915,.0554986,12.60492,2.2581315,1260.4921,1260,.0066666668,0,Master only (1),0
11.030801,12.211829,156,-.047241211,-.070861816,.090371795,-2.5535901,-.0554986,12.695292,1.6283617,1269.5293,1269,.007777778,0,Matched (3),0
10.95994,12.117347,157,-.070860863,-.094482422,.12532252,-2.4980979,.055492163,12.820615,2.2583823,1282.0615,1282,.007777778,0,Master only (1),0
10.912699,12.046485,158,-.047241211,-.070861816,.090371795,-2.5535901,-.055492163,12.910987,1.6285506,1291.0986,1291,.0066666668,0,Matched (3),0
10.865458,11.999244,159,-.047241211,-.047241211,.070893466,-2.3561945,.19739556,12.98188,.35914418,1298.188,1298,.0066666668,0,Matched (3),0
10.818216,11.928383,160,-.047241211,-.070860863,.090370953,-2.5535839,-.19738936,13.072251,.45783091,1307.2251,1307,.0066666668,0,Master only (1),0
10.770975,11.857521,161,-.047241211,-.070861816,.090371795,-2.5535901,-6.1988831e-06,13.162622,14578.723,1316.2622,1316,.0066666668,0,Master only (1),0
10.723734,11.786659,162,-.047241211,-.070861816,.090371795,-2.5535901,0,13.252995,50000,1325.2994,1325,.0066666668,0,Master only (1),0
10.676493,11.715797,163,-.047241211,-.070861816,.090371795,-2.5535901,0,13.343367,50000,1334.3367,1334,.0055555557,0,Matched (3),0
10.629251,11.644936,164,-.047241211,-.070861816,.090371795,-2.5535901,0,13.433739,50000,1343.3739,1343,.0055555557,0,Master only (1),0
10.58201,11.597694,165,-.047241211,-.047241211,.070893466,-2.3561945,.19739556,13.504632,.35914418,1350.4633,1350,.0055555557,0,Master only (1),0
10.55839,11.526833,166,-.023620605,-.070861816,.07926131,-2.8198421,-.4636476,13.583893,.17095162,1358.3893,1358,.0055555557,0,Master only (1),0
10.534769,11.503212,167,-.023620605,-.023620605,.035446733,-2.3561945,.4636476,13.61934,.076451883,1361.934,1361,.0055555557,0,Master only (1),0
10.463908,11.455972,168,-.070860863,-.047240257,.090370387,-2.1587958,.19739866,13.70971,.45780647,1370.9711,1370,.0022222223,0,Matched (3),0
10.393046,11.479591,169,-.070861816,.023619652,.07926099,-1.2490579,.90973794,13.788971,.087125078,1378.8971,1378,.0022222223,0,Master only (1),0
10.369426,11.503212,170,-.023620605,.023620605,.035446733,-.78539819,.4636597,13.824418,.076449893,1382.4418,1382,.0022222223,0,Master only (1),0
10.345805,11.550453,171,-.023620605,.047241211,.05604621,-.4636476,.32175058,13.880465,.17419147,1388.0465,1388,.0022222223,0,Master only (1),0
10.298564,11.574074,172,-.047241211,.023620605,.05604621,-1.1071488,-.64350116,13.93651,.087095737,1393.651,1393,.0022222223,0,Master only (1),0
10.251323,11.621315,173,-.047241211,.047241211,.070893466,-.78539819,.32175058,14.007403,.22033672,1400.7404,1400,.0022222223,0,Master only (1),0
10.180461,11.692177,174,-.070861816,.070861816,.10634021,-.78539819,0,14.113744,50000,1411.3744,1411,.0022222223,0,Master only (1),0
10.109599,11.763039,175,-.070861816,.070861816,.10634021,-.78539819,0,14.220084,50000,1422.0084,1422,.0022222223,0,Master only (1),0
10.038737,11.8339,176,-.070861816,.070861816,.10634021,-.78539819,0,14.326425,50000,1432.6425,1432,.0022222223,0,Master only (1),0
9.991497,11.904762,177,-.047240257,.070861816,.090371236,-.58799326,.19740492,14.416796,.45779628,1441.6796,1441,.0022222223,0,Master only (1),0
9.9678764,11.975623,178,-.023620605,.070860863,.079260349,-.3217546,.26623866,14.496056,.29770413,1449.6056,1449,.0022222223,0,Master only (1),0
9.9442558,12.046485,179,-.023620605,.070861816,.07926131,-.32175055,4.0531158e-06,14.575317,19555.648,1457.5317,1457,0,0,Matched (3),0
9.8970146,12.140967,180,-.047241211,.094482422,.11209242,-.4636476,-.14189705,14.687409,.78995597,1468.741,1468,0,0,Master only (1),0
9.8497734,12.23545,181,-.047241211,.094482422,.11209242,-.4636476,0,14.799502,50000,1479.9502,1479,0,0,Master only (1),0
9.8025322,12.282691,182,-.047241211,.047241211,.070893466,-.78539819,-.32175058,14.870396,.22033672,1487.0396,1487,0,0,Master only (1),0
9.7316704,12.353553,183,-.070861816,.070861816,.10634021,-.78539819,0,14.976736,50000,1497.6736,1497,0,0,Master only (1),0
9.6844292,12.400794,184,-.047241211,.047241211,.070893466,-.78539819,0,15.047629,50000,1504.7629,1504,0,0,Master only (1),0
9.6135674,12.424415,185,-.070861816,.023620605,.07926131,-1.2490457,-.46364754,15.12689,.17095165,1512.689,1512,0,0,Master only (1),0
9.5427055,12.471655,186,-.070861816,.047240257,.090371236,-.98280305,.26624268,15.217262,.33943182,1521.7262,1521,0,0,Master only (1),0
9.4718447,12.495275,187,-.070860863,.023620605,.079260349,-1.2490417,-.26623863,15.296522,.29770416,1529.6522,1529,.0011111111,0,Matched (3),0
9.4009829,12.518896,188,-.070861816,.023620605,.07926131,-1.2490457,-4.0531158e-06,15.375784,19555.648,1537.5784,1537,.0011111111,0,Master only (1),0
9.330121,12.542517,189,-.070861816,.023620605,.07926131,-1.2490457,0,15.455045,50000,1545.5045,1545,.0011111111,0,Master only (1),0
9.2592592,12.566137,190,-.070861816,.023620605,.07926131,-1.2490457,0,15.534307,50000,1553.4307,1553,.0011111111,0,Master only (1),0
9.1883974,12.613379,191,-.070861816,.047241211,.090371795,-.98279375,.26625198,15.624678,.33942205,1562.4678,1562,.0011111111,0,Master only (1),0
9.1175356,12.636999,192,-.070861816,.023620605,.07926131,-1.2490457,-.26625198,15.703939,.29769284,1570.3939,1570,.0011111111,0,Master only (1),0
9.0466738,12.66062,193,-.070861816,.023620605,.07926131,-1.2490457,0,15.7832,50000,1578.3201,1578,.0011111111,0,Master only (1),0
8.9758129,12.68424,194,-.070860863,.023620605,.079260349,-1.2490417,4.0531158e-06,15.862461,19555.412,1586.2461,1586,.0011111111,0,Master only (1),0
8.9285717,12.707861,195,-.047241211,.023620605,.05604621,-1.1071488,.14189291,15.918507,.39498949,1591.8507,1591,.0011111111,0,Master only (1),0
8.8577099,12.731482,196,-.070861816,.023620605,.07926131,-1.2490457,-.14189696,15.997768,.55858356,1599.7769,1599,.0011111111,0,Master only (1),0
8.7868481,12.778723,197,-.070861816,.047241211,.090371795,-.98279375,.26625198,16.08814,.33942205,1608.8141,1608,.0022222223,.0011111111,Matched (3),.012294888
8.7159863,12.825964,198,-.070861816,.047241211,.090371795,-.98279375,0,16.178513,50000,1617.8513,1617,.0022222223,0,Master only (1),0
8.668745,12.896826,199,-.047241211,.070861816,.090371795,-.58800262,.39479113,16.268885,.2289104,1626.8884,1626,.0022222223,0,Master only (1),0
8.6215038,12.967687,200,-.047241211,.070860863,.090370953,-.58800882,-6.1988831e-06,16.359255,14578.587,1635.9255,1635,.0022222223,0,Master only (1),0
8.5978832,13.038548,201,-.023620605,.070861816,.07926131,-.32175055,.26625827,16.438517,.2976858,1643.8517,1643,.0022222223,0,Master only (1),0
8.550642,13.10941,202,-.047241211,.070861816,.090371795,-.58800262,-.26625207,16.528889,.33942193,1652.8889,1652,.0022222223,0,Matched (3),0
8.5270224,13.156651,203,-.023619652,.047241211,.056045756,-.46363145,.12437117,16.584934,.45063302,1658.4934,1658,.0022222223,0,Master only (1),0
8.4797812,13.203893,204,-.047241211,.047241211,.070893466,-.78539819,-.32176673,16.655827,.22032565,1665.5826,1665,.0022222223,0,Master only (1),0
8.4325399,13.274755,205,-.047241211,.070861816,.090371795,-.58800262,.19739556,16.746199,.4578208,1674.6199,1674,.0022222223,0,Master only (1),0
8.3852987,13.345616,206,-.047241211,.070861816,.090371795,-.58800262,0,16.836571,50000,1683.6571,1683,.0022222223,0,Master only (1),0
8.3380575,13.416478,207,-.047241211,.070861816,.090371795,-.58800262,0,16.926943,50000,1692.6943,1692,.0022222223,0,Master only (1),0
8.2908163,13.487339,208,-.047241211,.070860863,.090370953,-.58800882,-6.1988831e-06,17.017313,14578.587,1701.7313,1701,.0022222223,0,Master only (1),0
8.2671957,13.53458,209,-.023620605,.047241211,.05604621,-.4636476,.12436122,17.07336,.45067275,1707.3361,1707,.0022222223,0,Master only (1),0
8.2199545,13.581821,210,-.047241211,.047241211,.070893466,-.78539819,-.32175058,17.144253,.22033672,1714.4253,1714,.0022222223,0,Master only (1),0
8.2435751,13.652683,211,.023620605,.070861816,.07926131,.32175055,1.1071488,17.223515,.071590483,1722.3514,1722,.0022222223,0,Master only (1),0
8.2908163,13.676304,212,.047241211,.023620605,.05604621,1.1071488,.78539824,17.27956,.071360245,1727.9561,1727,.0022222223,0,Master only (1),0
8.3616781,13.652683,213,.070861816,-.023620605,.07926131,1.8925469,.78539813,17.358822,.10091864,1735.8822,1735,.0022222223,0,Master only (1),0
8.4325399,13.629063,214,.070861816,-.023620605,.07926131,1.8925469,0,17.438084,50000,1743.8083,1743,.0022222223,0,Master only (1),0
8.5034018,13.581821,215,.070861816,-.047241211,.090371795,2.1587989,.26625204,17.528456,.33942199,1752.8456,1752,.0022222223,0,Master only (1),0
8.5742626,13.558201,216,.070860863,-.023620605,.079260349,1.8925509,-.26624799,17.607716,.2976937,1760.7716,1760,.0022222223,-.0011111111,Matched (3),-.014018499
8.6451244,13.53458,217,.070861816,-.023620605,.07926131,1.8925469,-4.0531158e-06,17.686977,19555.648,1768.6978,1768,.0022222223,0,Master only (1),0
8.7159863,13.487339,218,.070861816,-.047241211,.090371795,2.1587989,.26625204,17.777348,.33942199,1777.7347,1777,.0022222223,0,Master only (1),0
8.7868481,13.463718,219,.070861816,-.023620605,.07926131,1.8925469,-.26625204,17.856609,.29769278,1785.6609,1785,.0022222223,0,Master only (1),0
8.8577099,13.440098,220,.070861816,-.023620605,.07926131,1.8925469,0,17.935871,50000,1793.5872,1793,.0022222223,0,Master only (1),0
8.9285717,13.392858,221,.070861816,-.047240257,.090371236,2.1587896,.26624274,18.026243,.33943173,1802.6243,1802,.0022222223,0,Master only (1),0
8.9994335,13.369237,222,.070861816,-.023620605,.07926131,1.8925469,-.26624274,18.105503,.29770318,1810.5503,1810,.0022222223,0,Matched (3),0
9.0702944,13.345616,223,.070860863,-.023620605,.079260349,1.8925509,4.0531158e-06,18.184765,19555.412,1818.4764,1818,.0022222223,0,Matched (3),0
9.1411562,13.321996,224,.070861816,-.023620605,.07926131,1.8925469,-4.0531158e-06,18.264025,19555.648,1826.4025,1826,.0022222223,0,Master only (1),0
9.2356386,13.298375,225,.094482422,-.023620605,.1033441,1.815775,-.076771855,18.367369,1.3461195,1836.7368,1836,.0022222223,0,Master only (1),0
9.3065004,13.274755,226,.070861816,-.023620605,.07926131,1.8925469,.076771855,18.44663,1.0324267,1844.6631,1844,.0022222223,0,Master only (1),0
9.4009829,13.251134,227,.094482422,-.023620605,.1033441,1.815775,-.076771855,18.549974,1.3461195,1854.9974,1854,.0011111111,-.0011111111,Matched (3),-.010751569
9.4954653,13.251134,228,.094482422,0,.10025851,1.5707964,-.24497867,18.650234,.40925404,1865.0234,1865,.0011111111,0,Master only (1),0
9.5899467,13.274755,229,.094481468,.023620605,.10334312,1.3258153,-.24498105,18.753576,.42184129,1875.3577,1875,0,0,Matched (3),0
9.637188,13.321996,230,.047241211,.047241211,.070893466,.78539819,-.54041713,18.824471,.13118286,1882.447,1882,.0011111111,.0011111111,Matched (3),.015672969
9.6844292,13.369237,231,.047241211,.047241211,.070893466,.78539819,0,18.895363,50000,1889.5363,1889,.0011111111,0,Master only (1),0
9.7316704,13.416478,232,.047241211,.047241211,.070893466,.78539819,0,18.966257,50000,1896.6257,1896,.0011111111,0,Master only (1),0
9.7789116,13.463718,233,.047241211,.047240257,.070892751,.78540826,.000010073185,19.037149,7037.769,1903.715,1903,.0011111111,0,Master only (1),0
9.8497734,13.53458,234,.070861816,.070861816,.10634021,.78539819,-.000010073185,19.14349,10556.761,1914.349,1914,.0011111111,0,Master only (1),0
9.8970146,13.581821,235,.047241211,.047241211,.070893466,.78539819,0,19.214384,50000,1921.4384,1921,.0011111111,0,Master only (1),0
9.9678764,13.652683,236,.070861816,.070861816,.10634021,.78539819,0,19.320723,50000,1932.0723,1932,.0011111111,0,Master only (1),0
10.038737,13.723545,237,.070860863,.070861816,.10633948,.78539145,-6.7353249e-06,19.427063,15788.323,1942.7063,1942,.0011111111,0,Master only (1),0
10.109599,13.794407,238,.070861816,.070861816,.10634021,.78539819,6.7353249e-06,19.533403,15788.431,1953.3403,1953,.0011111111,0,Master only (1),0
10.180461,13.865269,239,.070861816,.070861816,.10634021,.78539819,0,19.639744,50000,1963.9744,1963,.0011111111,0,Master only (1),0
10.251323,13.93613,240,.070861816,.070860863,.10633948,.78540492,6.7353249e-06,19.746082,15788.323,1974.6083,1974,.0011111111,0,Master only (1),0
10.322185,14.006991,241,.070861816,.070861816,.10634021,.78539819,-6.7353249e-06,19.852423,15788.431,1985.2423,1985,.0011111111,0,Master only (1),0
10.393046,14.077853,242,.070861816,.070861816,.10634021,.78539819,0,19.958763,50000,1995.8763,1995,.0011111111,0,Master only (1),0
10.463908,14.148715,243,.070861816,.070861816,.10634021,.78539819,0,20.065104,50000,2006.5104,2006,.0011111111,0,Master only (1),0
10.534769,14.219577,244,.070860863,.070861816,.10633948,.78539145,-6.7353249e-06,20.171442,15788.323,2017.1442,2017,.0011111111,0,Master only (1),0
10.605631,14.290439,245,.070861816,.070861816,.10634021,.78539819,6.7353249e-06,20.277782,15788.431,2027.7782,2027,.0011111111,0,Matched (3),0
10.676493,14.3613,246,.070861816,.070861816,.10634021,.78539819,0,20.384123,50000,2038.4122,2038,.0011111111,0,Master only (1),0
10.747355,14.432161,247,.070861816,.070860863,.10633948,.78540492,6.7353249e-06,20.490463,15788.323,2049.0464,2049,.0011111111,0,Master only (1),0
10.818216,14.503023,248,.070861816,.070861816,.10634021,.78539819,-6.7353249e-06,20.596804,15788.431,2059.6804,2059,.0011111111,0,Master only (1),0
10.865458,14.550264,249,.047241211,.047241211,.070893466,.78539819,0,20.667696,50000,2066.7695,2066,.0011111111,0,Master only (1),0
10.912699,14.597506,250,.047241211,.047241211,.070893466,.78539819,0,20.73859,50000,2073.8591,2073,.0011111111,0,Master only (1),0
10.936319,14.644747,251,.023620605,.047241211,.05604621,.4636476,-.32175058,20.794636,.17419147,2079.4636,2079,.0011111111,0,Master only (1),0
10.936319,14.691988,252,0,.047241211,.050129253,0,-.4636476,20.844765,.1081193,2084.4766,2084,0,0,Matched (3),0
10.936319,14.76285,253,0,.070861816,.075193882,0,0,20.91996,50000,2091.9961,2091,0,0,Master only (1),0
11.00718,14.833712,254,.070860863,.070861816,.10633948,.78539145,.78539145,21.026299,.13539679,2102.6299,2102,0,0,Master only (1),0
11.054421,14.904572,255,.047241211,.070860863,.090370953,.58800882,-.19738263,21.116671,.45784652,2111.667,2111,0,0,Master only (1),0
11.101663,14.975434,256,.047241211,.070861816,.090371795,.58800262,-6.1988831e-06,21.207041,14578.723,2120.7041,2120,0,0,Master only (1),0
11.148904,15.046296,257,.047241211,.070861816,.090371795,.58800262,0,21.297413,50000,2129.7412,2129,0,0,Master only (1),0
11.196145,15.117158,258,.047241211,.070861816,.090371795,.58800262,0,21.387785,50000,2138.7786,2138,0,0,Master only (1),0
11.243386,15.18802,259,.047241211,.070861816,.090371795,.58800262,0,21.478157,50000,2147.8157,2147,0,0,Master only (1),0
11.290627,15.258882,260,.047241211,.070861816,.090371795,.58800262,0,21.568529,50000,2156.853,2156,0,0,Master only (1),0
11.337869,15.329743,261,.047241211,.070861816,.090371795,.58800262,0,21.658901,50000,2165.8901,2165,0,0,Master only (1),0
11.361489,15.400604,262,.023620605,.070860863,.079260349,.3217546,-.26624802,21.738161,.29769367,2173.8162,2173,0,0,Master only (1),0
11.38511,15.495087,263,.023620605,.094482422,.1033441,.24497867,-.076775938,21.841505,1.346048,2184.1504,2184,0,0,Master only (1),0
11.408731,15.565948,264,.023620605,.070861816,.07926131,.32175055,.076771885,21.920767,1.0324262,2192.0767,2192,0,0,Master only (1),0
11.455972,15.63681,265,.047241211,.070861816,.090371795,.58800262,.26625207,22.011139,.33942193,2201.1138,2201,0,0,Master only (1),0
11.503212,15.707672,266,.047240257,.070861816,.090371236,.58799326,-9.3579292e-06,22.101509,9657.1836,2210.1509,2210,0,0,Master only (1),0
11.526833,15.778534,267,.023620605,.070861816,.07926131,.32175055,-.26624271,22.180771,.29770321,2218.0771,2218,0,0,Master only (1),0
11.550453,15.849396,268,.023620605,.070861816,.07926131,.32175055,0,22.260033,50000,2226.0032,2226,0,0,Master only (1),0
11.597694,15.943877,269,.047241211,.094481468,.11209151,.46365166,.14190111,22.372124,.78992701,2237.2124,2237,0,0,Master only (1),0
11.644936,16.038361,270,.047241211,.094483376,.11209332,.46364358,-8.0764294e-06,22.484217,13879.069,2248.4216,2248,0,0,Master only (1),0
11.668556,16.109222,271,.023620605,.070861816,.07926131,.32175055,-.14189303,22.563478,.55859905,2256.3479,2256,0,0,Master only (1),0
11.621315,16.180082,272,-.047241211,.070859909,.090370111,-.58801502,-.9097656,22.653849,.099333405,2265.3848,2265,.0022222223,0,Matched (3),0
11.597694,16.227324,273,-.023620605,.047241211,.05604621,-.4636476,.12436742,22.709894,.45065027,2270.9895,2270,.0022222223,0,Master only (1),0
11.550453,16.321806,274,-.047241211,.094482422,.11209242,-.4636476,0,22.821987,50000,2282.1987,2282,.0022222223,0,Master only (1),0
11.503212,16.392668,275,-.047241211,.070861816,.090371795,-.58800262,-.12435502,22.912359,.72672415,2291.2358,2291,.0022222223,0,Master only (1),0
11.455972,16.46353,276,-.047240257,.070861816,.090371236,-.58799326,9.3579292e-06,23.002729,9657.1836,2300.2729,2300,.0022222223,0,Master only (1),0
11.408731,16.510771,277,-.047241211,.047241211,.070893466,-.78539819,-.19740492,23.073624,.35912713,2307.3623,2307,.0022222223,0,Master only (1),0
11.361489,16.581633,278,-.047241211,.070861816,.090371795,-.58800262,.19739556,23.163996,.4578208,2316.3997,2316,.0022222223,0,Master only (1),0
11.337869,16.628874,279,-.023620605,.047241211,.05604621,-.4636476,.12435502,23.220041,.45069522,2322.0042,2322,.0022222223,0,Master only (1),0
11.290627,16.699736,280,-.047241211,.070861816,.090371795,-.58800262,-.12435502,23.310413,.72672415,2331.0413,2331,.0022222223,0,Master only (1),0
11.243386,16.770597,281,-.047241211,.070861816,.090371795,-.58800262,0,23.400785,50000,2340.0786,2340,.0022222223,0,Master only (1),0
11.172524,16.841459,282,-.070861816,.070861816,.10634021,-.78539819,-.19739556,23.507126,.53871632,2350.7126,2350,.0022222223,0,Master only (1),0
11.125283,16.912321,283,-.047241211,.070861816,.090371795,-.58800262,.19739556,23.597496,.4578208,2359.7495,2359,.0033333334,0,Matched (3),0
11.078042,16.983183,284,-.047241211,.070861816,.090371795,-.58800262,0,23.687868,50000,2368.7869,2368,.0033333334,0,Master only (1),0
11.00718,17.054045,285,-.070861816,.070861816,.10634021,-.78539819,-.19739556,23.794209,.53871632,2379.4209,2379,.0033333334,0,Master only (1),0
10.95994,17.124905,286,-.047240257,.070859909,.090369552,-.58800572,.19739246,23.884579,.45781663,2388.4578,2388,.0033333334,0,Master only (1),0
10.912699,17.195766,287,-.047241211,.070861816,.090371795,-.58800262,3.0994415e-06,23.974951,29157.445,2397.4951,2397,.0033333334,0,Master only (1),0
10.865458,17.266628,288,-.047241211,.070861816,.090371795,-.58800262,0,24.065323,50000,2406.5322,2406,.0033333334,0,Master only (1),0
10.818216,17.33749,289,-.047241211,.070861816,.090371795,-.58800262,0,24.155693,50000,2415.5693,2415,.0033333334,0,Master only (1),0
10.770975,17.384731,290,-.047241211,.047241211,.070893466,-.78539819,-.19739556,24.226587,.35914418,2422.6587,2422,.0033333334,0,Master only (1),0
10.723734,17.455593,291,-.047241211,.070861816,.090371795,-.58800262,.19739556,24.316959,.4578208,2431.696,2431,.0033333334,0,Matched (3),0
10.652872,17.550076,292,-.070861816,.094482422,.12532313,-.6435011,-.055498481,24.442282,2.2581363,2444.2283,2444,.0033333334,0,Master only (1),0
10.605631,17.620937,293,-.047241211,.070861816,.090371795,-.58800262,.055498481,24.532654,1.6283652,2453.2654,2453,.0033333334,0,Master only (1),0
10.534769,17.691799,294,-.070861816,.070861816,.10634021,-.78539819,-.19739556,24.638994,.53871632,2463.8994,2463,.0033333334,0,Master only (1),0
10.487529,17.762661,295,-.047240257,.070861816,.090371236,-.58799326,.19740492,24.729366,.45779628,2472.9365,2472,.0033333334,0,Master only (1),0
10.416667,17.833523,296,-.070861816,.070861816,.10634021,-.78539819,-.19740492,24.835705,.53869075,2483.5706,2483,.0033333334,0,Master only (1),0
10.369426,17.904385,297,-.047241211,.070861816,.090371795,-.58800262,.19739556,24.926077,.4578208,2492.6077,2492,.0033333334,0,Master only (1),0
10.298564,17.998867,298,-.070861816,.094482422,.12532313,-.6435011,-.055498481,25.051401,2.2581363,2505.1401,2505,.0033333334,0,Master only (1),0
10.227702,18.069727,299,-.070861816,.070859909,.10633878,-.7854116,-.14191049,25.15774,.74933696,2515.7739,2515,.0033333334,0,Master only (1),0
10.180461,18.116968,300,-.047241211,.047241211,.070893466,-.78539819,.000013411045,25.228632,5286.2002,2522.8633,2522,.0033333334,0,Master only (1),0
10.13322,18.140589,301,-.047241211,.023620605,.05604621,-1.1071488,-.32175058,25.284679,.17419147,2528.468,2528,.0033333334,0,Master only (1),0
10.062358,18.18783,302,-.070861816,.047241211,.090371795,-.98279375,.12435502,25.375051,.72672415,2537.5051,2537,.0033333334,0,Master only (1),0
10.015117,18.258692,303,-.047241211,.070861816,.090371795,-.58800262,.39479113,25.465424,.2289104,2546.5425,2546,.0044444446,0,Matched (3),0
9.9442558,18.305933,304,-.070860863,.047241211,.090370953,-.98278749,-.39478487,25.555794,.22891189,2555.5793,2555,.0044444446,0,Master only (1),0
9.8970146,18.353174,305,-.047241211,.047241211,.070893466,-.78539819,.1973893,25.626688,.35915557,2562.6687,2562,.0044444446,0,Master only (1),0
9.8497734,18.400415,306,-.047241211,.047241211,.070893466,-.78539819,0,25.69758,50000,2569.7581,2569,.0044444446,0,Master only (1),0
9.7789116,18.447657,307,-.070861816,.047241211,.090371795,-.98279375,-.19739556,25.787952,.4578208,2578.7952,2578,.0044444446,0,Master only (1),0
9.7316704,18.494898,308,-.047241211,.047241211,.070893466,-.78539819,.19739556,25.858847,.35914418,2585.8848,2585,.0044444446,0,Master only (1),0
9.6608086,18.518518,309,-.070861816,.023620605,.07926131,-1.2490457,-.46364754,25.938107,.17095165,2593.8105,2593,.0044444446,0,Master only (1),0
9.6135674,18.56576,310,-.047241211,.047241211,.070893466,-.78539819,.46364754,26.009001,.1529038,2600.9001,2600,.0044444446,0,Master only (1),0
9.5663261,18.613001,311,-.047241211,.047241211,.070893466,-.78539819,0,26.079893,50000,2607.9893,2607,.0044444446,0,Master only (1),0
9.5190859,18.660242,312,-.047240257,.047241211,.070892751,-.78538805,.00001013279,26.150787,6996.3706,2615.0786,2615,.0044444446,0,Master only (1),0
9.4718447,18.707483,313,-.047241211,.047241211,.070893466,-.78539819,-.00001013279,26.22168,6996.4414,2622.168,2622,.0044444446,0,Master only (1),0
9.4246035,18.731104,314,-.047241211,.023620605,.05604621,-1.1071488,-.32175058,26.277727,.17419147,2627.7727,2627,.0044444446,0,Master only (1),0
9.3773623,18.778345,315,-.047241211,.047241211,.070893466,-.78539819,.32175058,26.348619,.22033672,2634.8621,2634,.0044444446,0,Master only (1),0
9.3065004,18.825586,316,-.070861816,.047241211,.090371795,-.98279375,-.19739556,26.438992,.4578208,2643.8992,2643,.0044444446,0,Master only (1),0
9.2356386,18.896448,317,-.070861816,.070861816,.10634021,-.78539819,.19739556,26.545332,.53871632,2654.5332,2654,.0022222223,0,Matched (3),0
9.1647768,18.943689,318,-.070861816,.047241211,.090371795,-.98279375,-.19739556,26.635704,.4578208,2663.5703,2663,.0022222223,0,Master only (1),0
9.093915,18.990931,319,-.070861816,.047241211,.090371795,-.98279375,0,26.726076,50000,2672.6077,2672,.0022222223,0,Master only (1),0
9.0230541,19.06179,320,-.070860863,.070859909,.10633805,-.78540492,.19738883,26.832413,.53872377,2683.2412,2683,.0022222223,0,Matched (3),0
8.9521923,19.132652,321,-.070861816,.070861816,.10634021,-.78539819,6.7353249e-06,26.938753,15788.431,2693.8752,2693,.0022222223,0,Master only (1),0
8.8813305,19.179893,322,-.070861816,.047241211,.090371795,-.98279375,-.19739556,27.029125,.4578208,2702.9126,2702,.0022222223,0,Master only (1),0
8.8340893,19.227135,323,-.047241211,.047241211,.070893466,-.78539819,.19739556,27.100019,.35914418,2710.002,2710,.0022222223,0,Master only (1),0
8.7632275,19.274376,324,-.070861816,.047241211,.090371795,-.98279375,-.19739556,27.190392,.4578208,2719.0391,2719,.0033333334,0,Matched (3),0
8.6923656,19.321617,325,-.070861816,.047241211,.090371795,-.98279375,0,27.280762,50000,2728.0762,2728,.0033333334,0,Master only (1),0
8.6451244,19.368858,326,-.047241211,.047241211,.070893466,-.78539819,.19739556,27.351656,.35914418,2735.1655,2735,.0033333334,0,Master only (1),0
8.5978832,19.321617,327,-.047241211,-.047241211,.070893466,-2.3561945,-1.5707963,27.42255,.045132183,2742.2551,2742,.0033333334,0,Master only (1),0
8.550642,19.274376,328,-.047241211,-.047241211,.070893466,-2.3561945,0,27.493443,50000,2749.3442,2749,.0033333334,0,Master only (1),0
8.4797812,19.227135,329,-.070860863,-.047241211,.090370953,-2.1588051,.19738936,27.583815,.45783091,2758.3813,2758,.0033333334,0,Master only (1),0
8.3852987,19.227135,330,-.094482422,0,.10025851,-1.5707964,.58800876,27.684072,.17050512,2768.4072,2768,.0033333334,0,Master only (1),0
8.2908163,19.227135,331,-.094482422,0,.10025851,-1.5707964,0,27.78433,50000,2778.4331,2778,.0033333334,0,Master only (1),0
8.2199545,19.227135,332,-.070861816,0,.075193882,-1.5707964,0,27.859526,50000,2785.9526,2785,.0033333334,0,Master only (1),0
8.1727133,19.274376,333,-.047241211,.047241211,.070893466,-.78539819,.78539819,27.930418,.090264365,2793.0417,2793,.0033333334,0,Master only (1),0
8.1254721,19.321617,334,-.047241211,.047241211,.070893466,-.78539819,0,28.001312,50000,2800.1313,2800,.0033333334,0,Master only (1),0
8.0782309,19.392479,335,-.047241211,.070861816,.090371795,-.58800262,.19739556,28.091684,.4578208,2809.1685,2809,.0033333334,0,Master only (1),0
8.00737,19.43972,336,-.070860863,.047241211,.090370953,-.98278749,-.39478487,28.182055,.22891189,2818.2056,2818,.0033333334,0,Master only (1),0
7.9365077,19.463341,337,-.070862293,.023620605,.079261787,-1.2490478,-.26626027,28.261316,.29768538,2826.1316,2826,.0033333334,0,Master only (1),0
7.889267,19.510582,338,-.047240734,.047241211,.070893116,-.78539312,.46365464,28.332209,.1529007,2833.2209,2833,.0033333334,0,Master only (1),0
7.8184052,19.557823,339,-.070861816,.047241211,.090371795,-.98279375,-.19740063,28.422581,.45780906,2842.2581,2842,.0055555557,0,Matched (3),0
7.7475433,19.628685,340,-.070861816,.070861816,.10634021,-.78539819,.19739556,28.528921,.53871632,2852.8921,2852,.0055555557,0,Master only (1),0
7.7003021,19.699547,341,-.047241211,.070861816,.090371795,-.58800262,.19739556,28.619293,.4578208,2861.9292,2861,.0055555557,0,Master only (1),0
7.6530614,19.746788,342,-.047240734,.047241211,.070893116,-.78539312,-.1973905,28.690186,.35915163,2869.0186,2869,.0055555557,0,Master only (1),0
7.6058202,19.794029,343,-.047241211,.047241211,.070893466,-.78539819,-5.0663948e-06,28.76108,13992.883,2876.1079,2876,.0055555557,0,Master only (1),0
7.558579,19.864891,344,-.047241211,.070861816,.090371795,-.58800262,.19739556,28.851452,.4578208,2885.1453,2885,.0055555557,0,Matched (3),0
7.4877172,19.935753,345,-.070861816,.070861816,.10634021,-.78539819,-.19739556,28.957792,.53871632,2895.7793,2895,.0055555557,0,Master only (1),0
7.4404764,20.006615,346,-.047240734,.070861816,.090371512,-.58799797,.19740021,29.048162,.45780858,2904.8162,2904,.0055555557,0,Master only (1),0
7.3932352,20.077475,347,-.047241211,.070859909,.090370111,-.58801502,-.000017046928,29.138533,5301.2549,2913.8533,2913,.0055555557,0,Master only (1),0
7.345994,20.148336,348,-.047241211,.070861816,.090371795,-.58800262,.000012397766,29.228905,7289.3613,2922.8904,2922,.0055555557,0,Master only (1),0
7.3223734,20.242819,349,-.023620605,.094482422,.1033441,-.24497867,.34302396,29.332249,.3012737,2933.2249,2933,.0055555557,0,Master only (1),0
7.2987528,20.337301,350,-.023620605,.094482422,.1033441,-.24497867,0,29.435593,50000,2943.5593,2943,.0066666668,0,Matched (3),0
7.2751322,20.431784,351,-.023620605,.094482422,.1033441,-.24497867,0,29.538939,50000,2953.8938,2953,.0066666668,0,Master only (1),0
7.2751322,20.526266,352,0,.094482422,.10025851,0,.24497867,29.639196,.40925404,2963.9197,2963,.0066666668,0,Master only (1),0
7.2751322,20.620749,353,0,.094482422,.10025851,0,0,29.739454,50000,2973.9453,2973,.0066666668,0,Master only (1),0
7.2751322,20.69161,354,0,.070861816,.075193882,0,0,29.814648,50000,2981.4648,2981,.0066666668,0,Master only (1),0
7.3223734,20.762472,355,.047241211,.070861816,.090371795,.58800262,.58800262,29.90502,.15369284,2990.502,2990,.0066666668,0,Master only (1),0
7.3696146,20.833334,356,.047241211,.070861816,.090371795,.58800262,0,29.995392,50000,2999.5391,2999,.0066666668,0,Master only (1),0
7.4168558,20.880575,357,.047241211,.047241211,.070893466,.78539819,.19739556,30.066286,.35914418,3006.6287,3006,.0066666668,0,Master only (1),0
7.4404764,20.951437,358,.023620605,.070861816,.07926131,.32175055,-.46364763,30.145546,.1709516,3014.5547,3014,.0066666668,0,Master only (1),0
7.4404764,21.022297,359,0,.070859909,.075191855,0,-.32175055,30.220739,.23369612,3022.074,3022,.007777778,-.0011111111,Matched (3),-.014777015
7.4640965,21.093159,360,.023620129,.070861816,.079261146,.3217445,.3217445,30.299999,.2463481,3030,3030,.007777778,0,Matched (3),0
,,3,,,.072142854,,,.14428571,,14.428571,14,.0099999998,0,Using only (2),0
,,4,,,.072142869,,,.21642858,,21.642859,21,.011111111,.0011111116,Using only (2),.015401544
,,5,,,.072142854,,,.28857145,,28.857145,28,.013333334,.0022222223,Using only (2),.030803083
,,6,,,.072142854,,,.36071429,,36.07143,36,.012222222,-.0011111116,Using only (2),-.015401548
,,7,,,.072142854,,,.43285716,,43.285717,43,.011111111,-.0011111107,Using only (2),-.015401535
,,8,,,.072142884,,,.50500005,,50.500004,50,.012222222,.0011111107,Using only (2),.015401528
,,9,,,.072142825,,,.57714283,,57.714283,57,.012222222,0,Using only (2),0
,,10,,,.072142884,,,.64928573,,64.928574,64,.011111111,-.0011111107,Using only (2),-.015401528
,,11,,,.072142825,,,.72142857,,72.14286,72,.011111111,0,Using only (2),0
,,12,,,.072142884,,,.79357147,,79.357147,79,.012222222,.0011111107,Using only (2),.015401528
,,13,,,.072142825,,,.86571425,,86.571426,86,.012222222,0,Using only (2),0
,,14,,,.072142884,,,.93785715,,93.785713,93,.012222222,0,Using only (2),0
,,15,,,.072142825,,,1.01,,101,101,.012222222,0,Using only (2),0
,,16,,,.072142944,,,1.0821429,,108.21429,108,.012222222,0,Using only (2),0
,,18,,,.072142825,,,1.2264286,,122.64286,122,.011111111,0,Using only (2),0
,,19,,,.072142825,,,1.2985713,,129.85713,129,.012222222,.0011111107,Using only (2),.015401541
,,20,,,.072142944,,,1.3707143,,137.07143,137,.013333334,.0011111116,Using only (2),.015401528
,,22,,,.072142825,,,1.515,,151.5,151,.014444444,0,Using only (2),0
,,25,,,.072142825,,,1.7314286,,173.14287,173,.013333334,-.0011111107,Using only (2),-.015401541
,,26,,,.072142825,,,1.8035715,,180.35715,180,.012222222,-.0011111116,Using only (2),-.015401554
,,27,,,.072142944,,,1.8757143,,187.57143,187,.012222222,0,Using only (2),0
,,28,,,.072142825,,,1.9478571,,194.78572,194,.011111111,-.0011111107,Using only (2),-.015401541
,,29,,,.072142825,,,2.02,,202,202,.011111111,0,Using only (2),0
,,30,,,.072142825,,,2.0921428,,209.21428,209,.011111111,0,Using only (2),0
,,31,,,.072142825,,,2.1642857,,216.42856,216,.0099999998,-.0011111116,Using only (2),-.015401554
,,32,,,.072143063,,,2.2364287,,223.64287,223,.0099999998,0,Using only (2),0
,,33,,,.072142825,,,2.3085716,,230.85716,230,.0099999998,0,Using only (2),0
,,34,,,.072142825,,,2.3807144,,238.07144,238,.0099999998,0,Using only (2),0
,,36,,,.072142825,,,2.5250001,,252.50002,252,.0088888891,0,Using only (2),0
,,37,,,.072142825,,,2.5971429,,259.71429,259,.0088888891,0,Using only (2),0
,,38,,,.072142825,,,2.6692858,,266.92859,266,.0088888891,0,Using only (2),0
,,39,,,.072143063,,,2.7414286,,274.14285,274,.0088888891,0,Using only (2),0
,,40,,,.072142825,,,2.8135715,,281.35715,281,.007777778,-.0011111111,Using only (2),-.015401548
,,41,,,.072142825,,,2.8857143,,288.57144,288,.007777778,0,Using only (2),0
,,43,,,.072142825,,,3.03,,303,303,.0088888891,0,Using only (2),0
,,44,,,.072142825,,,3.1021428,,310.21429,310,.0088888891,0,Using only (2),0
,,45,,,.072142825,,,3.1742857,,317.42856,317,.0088888891,0,Using only (2),0
,,46,,,.072143063,,,3.2464287,,324.64288,324,.007777778,-.0011111111,Using only (2),-.015401497
,,48,,,.072142825,,,3.3907144,,339.07144,339,.0055555557,-.0011111111,Using only (2),-.015401548
,,49,,,.072142825,,,3.4628572,,346.28574,346,.0044444446,-.0011111111,Using only (2),-.015401548
,,50,,,.072142825,,,3.5350001,,353.5,353,.0044444446,0,Using only (2),0
,,53,,,.072143063,,,3.7514288,,375.14288,375,.0022222223,0,Using only (2),0
,,55,,,.072142825,,,3.8957143,,389.57144,389,.0022222223,0,Using only (2),0
,,57,,,.072143063,,,4.0400004,,404.00003,404,.0022222223,0,Using only (2),0
,,59,,,.072143063,,,4.1842861,,418.42862,418,.0033333334,0,Using only (2),0
,,60,,,.072142586,,,4.2564287,,425.64288,425,.0033333334,0,Using only (2),0
,,61,,,.072143063,,,4.3285718,,432.85718,432,.0033333334,0,Using only (2),0
,,62,,,.072142586,,,4.4007144,,440.07144,440,.0033333334,0,Using only (2),0
,,63,,,.072143063,,,4.472857,,447.28571,447,.0033333334,0,Using only (2),0
,,65,,,.072142586,,,4.6171427,,461.71426,461,.0022222223,0,Using only (2),0
,,66,,,.072143063,,,4.6892858,,468.92859,468,.0011111111,-.0011111111,Using only (2),-.015401497
,,67,,,.072142586,,,4.7614284,,476.14282,476,.0011111111,0,Using only (2),0
,,68,,,.072143063,,,4.8335714,,483.35715,483,.0011111111,0,Using only (2),0
,,69,,,.072142586,,,4.905714,,490.57141,490,.0011111111,0,Using only (2),0
,,70,,,.072143063,,,4.9778571,,497.78571,497,.0022222223,.0011111111,Using only (2),.015401497
,,71,,,.072143063,,,5.0500002,,505.00003,505,.0033333334,.0011111111,Using only (2),.015401497
,,73,,,.072143063,,,5.1942859,,519.42859,519,.0033333334,0,Using only (2),0
,,74,,,.072142586,,,5.2664285,,526.64282,526,.0033333334,0,Using only (2),0
,,75,,,.072143063,,,5.3385715,,533.85718,533,.0033333334,0,Using only (2),0
,,76,,,.072142586,,,5.4107141,,541.07141,541,.0022222223,-.0011111111,Using only (2),-.015401598
,,77,,,.072143063,,,5.4828572,,548.28571,548,.0022222223,0,Using only (2),0
,,79,,,.072142586,,,5.6271429,,562.71429,562,.0011111111,-.0011111111,Using only (2),-.015401598
,,80,,,.072143063,,,5.699286,,569.92859,569,.0011111111,0,Using only (2),0
,,81,,,.072142586,,,5.7714286,,577.14288,577,.0011111111,0,Using only (2),0
,,82,,,.072143063,,,5.8435717,,584.35718,584,.0011111111,0,Using only (2),0
,,83,,,.072142586,,,5.9157143,,591.57141,591,.0011111111,0,Using only (2),0
,,85,,,.072143063,,,6.0600004,,606.00006,606,.0011111111,0,Using only (2),0
,,86,,,.072142586,,,6.132143,,613.21429,613,.0011111111,0,Using only (2),0
,,87,,,.072143063,,,6.2042861,,620.42859,620,.0011111111,0,Using only (2),0
,,88,,,.072142586,,,6.2764287,,627.64288,627,.0011111111,0,Using only (2),0
,,89,,,.072143063,,,6.3485718,,634.85718,634,.0022222223,.0011111111,Using only (2),.015401497
,,90,,,.072142586,,,6.4207144,,642.07141,642,.0022222223,0,Using only (2),0
,,91,,,.072143063,,,6.4928575,,649.28577,649,.0022222223,0,Using only (2),0
,,92,,,.072143063,,,6.5650005,,656.50006,656,.0033333334,.0011111111,Using only (2),.015401497
,,93,,,.072142586,,,6.6371431,,663.71429,663,.0033333334,0,Using only (2),0
,,94,,,.072143063,,,6.7092862,,670.92865,670,.0033333334,0,Using only (2),0
,,95,,,.072142586,,,6.7814283,,678.14282,678,.0033333334,0,Using only (2),0
,,96,,,.072143063,,,6.8535714,,685.35712,685,.0033333334,0,Using only (2),0
,,98,,,.072143063,,,6.9978571,,699.78571,699,.0022222223,0,Using only (2),0
,,99,,,.072143063,,,7.0700002,,707,707,.0022222223,0,Using only (2),0
,,100,,,.072142586,,,7.1421428,,714.21429,714,.0011111111,-.0011111111,Using only (2),-.015401598
,,101,,,.072143063,,,7.2142859,,721.42859,721,.0011111111,0,Using only (2),0
,,102,,,.072142586,,,7.2864285,,728.64282,728,.0011111111,0,Using only (2),0
,,103,,,.072143063,,,7.3585715,,735.85718,735,.0011111111,0,Using only (2),0
,,104,,,.072142586,,,7.4307141,,743.07141,743,.0011111111,0,Using only (2),0
,,105,,,.072143063,,,7.5028572,,750.28571,750,.0011111111,0,Using only (2),0
,,106,,,.072143063,,,7.5750003,,757.5,757,.0011111111,0,Using only (2),0
,,108,,,.072143063,,,7.719286,,771.92859,771,.0011111111,0,Using only (2),0
,,109,,,.072142586,,,7.7914286,,779.14288,779,.0011111111,0,Using only (2),0
,,110,,,.072143063,,,7.8635716,,786.35718,786,.0011111111,0,Using only (2),0
,,111,,,.072142586,,,7.9357142,,793.57141,793,.0011111111,0,Using only (2),0
,,112,,,.072143063,,,8.0078573,,800.78571,800,.0011111111,0,Using only (2),0
,,113,,,.072142586,,,8.0799999,,808,808,.0011111111,0,Using only (2),0
,,114,,,.072143547,,,8.1521435,,815.21436,815,.0011111111,0,Using only (2),0
,,115,,,.072142586,,,8.2242861,,822.42859,822,.0011111111,0,Using only (2),0
,,117,,,.072142586,,,8.3685713,,836.85712,836,.0011111111,0,Using only (2),0
,,119,,,.072142586,,,8.5128574,,851.28577,851,.0011111111,0,Using only (2),0
,,120,,,.072142586,,,8.585,,858.5,858,.0011111111,0,Using only (2),0
,,121,,,.072143547,,,8.6571436,,865.71436,865,.0011111111,0,Using only (2),0
,,122,,,.072142586,,,8.7292862,,872.92859,872,.0011111111,0,Using only (2),0
,,123,,,.072142586,,,8.8014288,,880.14288,880,.0011111111,0,Using only (2),0
,,124,,,.072142586,,,8.8735714,,887.35712,887,.0011111111,0,Using only (2),0
,,125,,,.072143547,,,8.945715,,894.57147,894,.0011111111,0,Using only (2),0
,,127,,,.072142586,,,9.0900002,,909,909,.0011111111,0,Using only (2),0
,,128,,,.072143547,,,9.1621437,,916.21436,916,.0011111111,0,Using only (2),0
,,129,,,.072142586,,,9.2342863,,923.42865,923,.0011111111,0,Using only (2),0
,,130,,,.072142586,,,9.3064289,,930.64288,930,.0011111111,0,Using only (2),0
,,131,,,.072142586,,,9.3785715,,937.85718,937,.0011111111,0,Using only (2),0
,,132,,,.072143547,,,9.4507151,,945.07153,945,.0011111111,0,Using only (2),0
,,133,,,.072142586,,,9.5228577,,952.28577,952,.0022222223,.0011111111,Using only (2),.015401598
,,134,,,.072142586,,,9.5950003,,959.5,959,.0022222223,0,Using only (2),0
,,135,,,.072143547,,,9.6671438,,966.71436,966,.0011111111,-.0011111111,Using only (2),-.015401393
,,137,,,.072142586,,,9.811429,,981.14288,981,.0011111111,0,Using only (2),0
,,138,,,.072142586,,,9.8835716,,988.35718,988,.0011111111,0,Using only (2),0
,,139,,,.072143547,,,9.9557152,,995.57153,995,.0011111111,0,Using only (2),0
,,140,,,.072142586,,,10.027858,,1002.7858,1002,.0011111111,0,Using only (2),0
,,141,,,.072142586,,,10.1,,1010.0001,1010,.0011111111,0,Using only (2),0
,,142,,,.072143547,,,10.172144,,1017.2144,1017,.0011111111,0,Using only (2),0
,,143,,,.072142586,,,10.244287,,1024.4287,1024,.0011111111,0,Using only (2),0
,,144,,,.072142586,,,10.316429,,1031.6429,1031,.0022222223,.0011111111,Using only (2),.015401598
,,145,,,.072142586,,,10.388572,,1038.8572,1038,.0022222223,0,Using only (2),0
,,146,,,.072143547,,,10.460715,,1046.0715,1046,.0022222223,0,Using only (2),0
,,147,,,.072142586,,,10.532858,,1053.2858,1053,.0022222223,0,Using only (2),0
,,148,,,.072142586,,,10.605,,1060.5,1060,.0011111111,-.0011111111,Using only (2),-.015401598
,,149,,,.072143547,,,10.677143,,1067.7144,1067,.0011111111,0,Using only (2),0
,,150,,,.072142586,,,10.749286,,1074.9286,1074,.0011111111,0,Using only (2),0
,,151,,,.072142586,,,10.821428,,1082.1428,1082,.0011111111,0,Using only (2),0
,,152,,,.072142586,,,10.893571,,1089.3571,1089,.0011111111,0,Using only (2),0
,,153,,,.072143547,,,10.965714,,1096.5714,1096,.0011111111,0,Using only (2),0
,,154,,,.072142586,,,11.037857,,1103.7856,1103,.0011111111,0,Using only (2),0
,,155,,,.072142586,,,11.11,,1111,1111,.0022222223,.0011111111,Using only (2),.015401598
,,156,,,.072143547,,,11.182143,,1118.2144,1118,.0033333334,.0011111111,Using only (2),.015401393
,,157,,,.072142586,,,11.254286,,1125.4286,1125,.0044444446,.0011111111,Using only (2),.015401598
,,158,,,.072142586,,,11.326428,,1132.6428,1132,.0055555557,.0011111111,Using only (2),.015401598
,,160,,,.072143547,,,11.470715,,1147.0714,1147,.0066666668,0,Using only (2),0
,,161,,,.072142586,,,11.542857,,1154.2858,1154,.0066666668,0,Using only (2),0
,,162,,,.072142586,,,11.615,,1161.5,1161,.0066666668,0,Using only (2),0
,,163,,,.072143547,,,11.687143,,1168.7144,1168,.0066666668,0,Using only (2),0
,,165,,,.072142586,,,11.831429,,1183.1428,1183,.0066666668,0,Using only (2),0
,,166,,,.072142586,,,11.903571,,1190.3571,1190,.0066666668,0,Using only (2),0
,,167,,,.072143547,,,11.975715,,1197.5714,1197,.0066666668,0,Using only (2),0
,,168,,,.072142586,,,12.047857,,1204.7858,1204,.0066666668,0,Using only (2),0
,,169,,,.072142586,,,12.12,,1212,1212,.0066666668,0,Using only (2),0
,,170,,,.072143547,,,12.192143,,1219.2144,1219,.007777778,.0011111111,Using only (2),.015401393
,,171,,,.072142586,,,12.264286,,1226.4286,1226,.007777778,0,Using only (2),0
,,172,,,.072142586,,,12.336429,,1233.6428,1233,.007777778,0,Using only (2),0
,,173,,,.072142586,,,12.408571,,1240.8572,1240,.007777778,0,Using only (2),0
,,174,,,.072143547,,,12.480715,,1248.0715,1248,.007777778,0,Using only (2),0
,,175,,,.072142586,,,12.552857,,1255.2858,1255,.007777778,0,Using only (2),0
,,176,,,.072142586,,,12.625,,1262.5,1262,.007777778,0,Using only (2),0
,,178,,,.072142586,,,12.769286,,1276.9286,1276,.0066666668,-.0011111111,Using only (2),-.015401598
,,179,,,.072142586,,,12.841429,,1284.1428,1284,.0066666668,0,Using only (2),0
,,182,,,.072142586,,,13.057858,,1305.7858,1305,.0066666668,0,Using only (2),0
,,183,,,.072142586,,,13.13,,1313,1313,.0066666668,0,Using only (2),0
,,184,,,.072143547,,,13.202144,,1320.2144,1320,.0055555557,-.0011111111,Using only (2),-.015401393
,,185,,,.072142586,,,13.274286,,1327.4286,1327,.0055555557,0,Using only (2),0
,,187,,,.072142586,,,13.418571,,1341.8572,1341,.0055555557,0,Using only (2),0
,,188,,,.072143547,,,13.490715,,1349.0715,1349,.0044444446,-.0011111111,Using only (2),-.015401393
,,189,,,.072142586,,,13.562858,,1356.2858,1356,.0033333334,-.0011111111,Using only (2),-.015401598
,,190,,,.072142586,,,13.635,,1363.5,1363,.0022222223,-.0011111111,Using only (2),-.015401598
,,192,,,.072142586,,,13.779286,,1377.9286,1377,.0011111111,-.0011111111,Using only (2),-.015401598
,,193,,,.072142586,,,13.851429,,1385.1429,1385,0,-.0011111111,Using only (2),-.015401598
,,194,,,.072142586,,,13.923572,,1392.3572,1392,0,0,Using only (2),0
,,195,,,.072143547,,,13.995715,,1399.5715,1399,0,0,Using only (2),0
,,196,,,.072142586,,,14.067858,,1406.7858,1406,0,0,Using only (2),0
,,197,,,.072142586,,,14.14,,1414,1414,0,0,Using only (2),0
,,198,,,.072143547,,,14.212144,,1421.2144,1421,0,0,Using only (2),0
,,199,,,.072142586,,,14.284286,,1428.4287,1428,0,0,Using only (2),0
,,200,,,.072142586,,,14.356429,,1435.6429,1435,0,0,Using only (2),0
,,201,,,.072142586,,,14.428572,,1442.8572,1442,0,0,Using only (2),0
,,202,,,.072143547,,,14.500715,,1450.0715,1450,0,0,Using only (2),0
,,204,,,.072142586,,,14.645,,1464.5,1464,0,0,Using only (2),0
,,205,,,.072143547,,,14.717144,,1471.7144,1471,0,0,Using only (2),0
,,206,,,.072142586,,,14.789287,,1478.9287,1478,0,0,Using only (2),0
,,207,,,.072142586,,,14.861429,,1486.1429,1486,0,0,Using only (2),0
,,208,,,.072142586,,,14.933572,,1493.3572,1493,0,0,Using only (2),0
,,209,,,.072143547,,,15.005715,,1500.5715,1500,0,0,Using only (2),0
,,210,,,.072142586,,,15.077858,,1507.7858,1507,0,0,Using only (2),0
,,211,,,.072142586,,,15.150001,,1515,1515,0,0,Using only (2),0
,,212,,,.072143547,,,15.222144,,1522.2144,1522,.0011111111,.0011111111,Using only (2),.015401393
,,214,,,.072142586,,,15.366429,,1536.6429,1536,.0011111111,0,Using only (2),0
,,215,,,.072142586,,,15.438572,,1543.8572,1543,.0011111111,0,Using only (2),0
,,216,,,.072143547,,,15.510715,,1551.0715,1551,.0011111111,0,Using only (2),0
,,217,,,.072142586,,,15.582858,,1558.2858,1558,.0011111111,0,Using only (2),0
,,218,,,.072142586,,,15.655001,,1565.5001,1565,.0011111111,0,Using only (2),0
,,219,,,.072143547,,,15.727144,,1572.7145,1572,.0011111111,0,Using only (2),0
,,220,,,.072142586,,,15.799287,,1579.9287,1579,.0011111111,0,Using only (2),0
,,221,,,.072142586,,,15.871429,,1587.1429,1587,.0011111111,0,Using only (2),0
,,222,,,.072142586,,,15.943571,,1594.3571,1594,.0011111111,0,Using only (2),0
,,223,,,.072143547,,,16.015715,,1601.5714,1601,.0011111111,0,Using only (2),0
,,225,,,.072142586,,,16.16,,1616,1616,.0022222223,0,Using only (2),0
,,226,,,.072142586,,,16.232143,,1623.2144,1623,.0022222223,0,Using only (2),0
,,227,,,.072142586,,,16.304285,,1630.4285,1630,.0022222223,0,Using only (2),0
,,228,,,.072144508,,,16.376431,,1637.6431,1637,.0022222223,0,Using only (2),0
,,229,,,.072142586,,,16.448572,,1644.8572,1644,.0022222223,0,Using only (2),0
,,231,,,.072142586,,,16.592857,,1659.2858,1659,.0022222223,0,Using only (2),0
,,232,,,.072142586,,,16.665001,,1666.5001,1666,.0022222223,0,Using only (2),0
,,233,,,.072142586,,,16.737143,,1673.7142,1673,.0022222223,0,Using only (2),0
,,234,,,.072142586,,,16.809286,,1680.9286,1680,.0033333334,.0011111111,Using only (2),.015401598
,,235,,,.072144508,,,16.88143,,1688.1429,1688,.0033333334,0,Using only (2),0
,,236,,,.072142586,,,16.953573,,1695.3573,1695,.0033333334,0,Using only (2),0
,,237,,,.072142586,,,17.025715,,1702.5715,1702,.0033333334,0,Using only (2),0
,,238,,,.072142586,,,17.097858,,1709.7859,1709,.0033333334,0,Using only (2),0
,,239,,,.072142586,,,17.17,,1717,1717,.0033333334,0,Using only (2),0
,,240,,,.072142586,,,17.242144,,1724.2144,1724,.0033333334,0,Using only (2),0
,,241,,,.072142586,,,17.314285,,1731.4285,1731,.0033333334,0,Using only (2),0
,,242,,,.072144508,,,17.386431,,1738.6431,1738,.0033333334,0,Using only (2),0
,,243,,,.072142586,,,17.458572,,1745.8572,1745,.0033333334,0,Using only (2),0
,,244,,,.072142586,,,17.530716,,1753.0715,1753,.0033333334,0,Using only (2),0
,,246,,,.072142586,,,17.675001,,1767.5001,1767,.0022222223,0,Using only (2),0
,,247,,,.072142586,,,17.747143,,1774.7142,1774,.0022222223,0,Using only (2),0
,,248,,,.072142586,,,17.819286,,1781.9286,1781,.0022222223,0,Using only (2),0
,,249,,,.072144508,,,17.89143,,1789.1429,1789,.0022222223,0,Using only (2),0
,,250,,,.072142586,,,17.963573,,1796.3573,1796,.0022222223,0,Using only (2),0
,,251,,,.072142586,,,18.035715,,1803.5715,1803,.0022222223,0,Using only (2),0
,,254,,,.072142586,,,18.252144,,1825.2144,1825,.0022222223,0,Using only (2),0
,,255,,,.072142586,,,18.324286,,1832.4286,1832,.0022222223,0,Using only (2),0
,,256,,,.072144508,,,18.396431,,1839.6431,1839,.0022222223,0,Using only (2),0
,,257,,,.072142586,,,18.468573,,1846.8573,1846,.0022222223,0,Using only (2),0
,,259,,,.072142586,,,18.612858,,1861.2858,1861,0,-.0011111111,Using only (2),-.015401598
,,260,,,.072142586,,,18.684999,,1868.5,1868,0,0,Using only (2),0
,,263,,,.072144508,,,18.90143,,1890.1431,1890,.0022222223,.0011111111,Using only (2),.015401188
,,264,,,.072142586,,,18.973572,,1897.3572,1897,.0022222223,0,Using only (2),0
,,265,,,.072142586,,,19.045715,,1904.5715,1904,.0022222223,0,Using only (2),0
,,266,,,.072142586,,,19.117857,,1911.7856,1911,.0022222223,0,Using only (2),0
,,267,,,.072142586,,,19.190001,,1919,1919,.0011111111,-.0011111111,Using only (2),-.015401598
,,268,,,.072142586,,,19.262142,,1926.2142,1926,.0011111111,0,Using only (2),0
,,269,,,.072142586,,,19.334286,,1933.4286,1933,.0011111111,0,Using only (2),0
,,270,,,.072144508,,,19.406429,,1940.6429,1940,.0011111111,0,Using only (2),0
,,271,,,.072142586,,,19.478573,,1947.8573,1947,.0011111111,0,Using only (2),0
,,272,,,.072142586,,,19.550714,,1955.0714,1955,.0011111111,0,Using only (2),0
,,273,,,.072142586,,,19.622858,,1962.2858,1962,.0011111111,0,Using only (2),0
,,274,,,.072142586,,,19.695,,1969.5,1969,.0011111111,0,Using only (2),0
,,275,,,.072142586,,,19.767143,,1976.7144,1976,0,-.0011111111,Using only (2),-.015401598
,,276,,,.072142586,,,19.839285,,1983.9285,1983,0,0,Using only (2),0
,,277,,,.072144508,,,19.91143,,1991.1431,1991,.0011111111,.0011111111,Using only (2),.015401188
,,278,,,.072142586,,,19.983572,,1998.3572,1998,.0011111111,0,Using only (2),0
,,279,,,.072142586,,,20.055716,,2005.5715,2005,.0011111111,0,Using only (2),0
,,280,,,.072142586,,,20.127857,,2012.7858,2012,.0011111111,0,Using only (2),0
,,281,,,.072142586,,,20.200001,,2020.0001,2020,.0011111111,0,Using only (2),0
,,283,,,.072142586,,,20.344286,,2034.4286,2034,.0011111111,0,Using only (2),0
,,284,,,.072144508,,,20.41643,,2041.6429,2041,0,-.0011111111,Using only (2),-.015401188
,,285,,,.072142586,,,20.488573,,2048.8574,2048,0,0,Using only (2),0
,,286,,,.072142586,,,20.560715,,2056.0715,2056,0,0,Using only (2),0
,,287,,,.072142586,,,20.632858,,2063.2859,2063,0,0,Using only (2),0
,,288,,,.072142586,,,20.705,,2070.5,2070,0,0,Using only (2),0
,,289,,,.072142586,,,20.777143,,2077.7144,2077,0,0,Using only (2),0
,,291,,,.072144508,,,20.921431,,2092.1431,2092,0,0,Using only (2),0
,,292,,,.072142586,,,20.993572,,2099.3572,2099,0,0,Using only (2),0
,,293,,,.072142586,,,21.065716,,2106.5715,2106,0,0,Using only (2),0
,,294,,,.072142586,,,21.137857,,2113.7856,2113,0,0,Using only (2),0
,,295,,,.072142586,,,21.210001,,2121,2121,0,0,Using only (2),0
,,296,,,.072142586,,,21.282143,,2128.2144,2128,0,0,Using only (2),0
,,297,,,.072142586,,,21.354286,,2135.4287,2135,0,0,Using only (2),0
,,298,,,.072144508,,,21.42643,,2142.6431,2142,0,0,Using only (2),0
,,299,,,.072142586,,,21.498573,,2149.8574,2149,0,0,Using only (2),0
,,300,,,.072142586,,,21.570715,,2157.0715,2157,0,0,Using only (2),0
,,301,,,.072142586,,,21.642859,,2164.2859,2164,0,0,Using only (2),0
,,302,,,.072142586,,,21.715,,2171.5,2171,0,0,Using only (2),0
,,303,,,.072142586,,,21.787144,,2178.7144,2178,0,0,Using only (2),0
,,304,,,.072142586,,,21.859285,,2185.9285,2185,0,0,Using only (2),0
,,305,,,.072144508,,,21.931431,,2193.1431,2193,0,0,Using only (2),0
,,306,,,.072142586,,,22.003572,,2200.3572,2200,0,0,Using only (2),0
,,307,,,.072142586,,,22.075716,,2207.5715,2207,0,0,Using only (2),0
,,308,,,.072142586,,,22.147858,,2214.7856,2214,.0011111111,.0011111111,Using only (2),.015401598
,,309,,,.072142586,,,22.220001,,2222,2222,.0022222223,.0011111111,Using only (2),.015401598
,,310,,,.072142586,,,22.292143,,2229.2144,2229,.0033333334,.0011111111,Using only (2),.015401598
,,311,,,.072142586,,,22.364286,,2236.4287,2236,.0033333334,0,Using only (2),0
,,312,,,.072144508,,,22.43643,,2243.6431,2243,.0033333334,0,Using only (2),0
,,313,,,.072142586,,,22.508574,,2250.8574,2250,.0033333334,0,Using only (2),0
,,314,,,.072142586,,,22.580715,,2258.0715,2258,.0022222223,-.0011111111,Using only (2),-.015401598
,,316,,,.072142586,,,22.725,,2272.5,2272,.0022222223,0,Using only (2),0
,,317,,,.072142586,,,22.797144,,2279.7144,2279,.0022222223,0,Using only (2),0
,,318,,,.072142586,,,22.869286,,2286.9285,2286,.0011111111,-.0011111111,Using only (2),-.015401598
,,319,,,.072144508,,,22.941431,,2294.1431,2294,.0011111111,0,Using only (2),0
,,320,,,.072142586,,,23.013573,,2301.3572,2301,.0011111111,0,Using only (2),0
,,321,,,.072142586,,,23.085716,,2308.5715,2308,.0011111111,0,Using only (2),0
,,322,,,.072142586,,,23.157858,,2315.7859,2315,.0022222223,.0011111111,Using only (2),.015401598
,,323,,,.072142586,,,23.230001,,2323.0002,2323,.0022222223,0,Using only (2),0
,,324,,,.072142586,,,23.302143,,2330.2144,2330,.0022222223,0,Using only (2),0
,,325,,,.072142586,,,23.374287,,2337.4287,2337,.0022222223,0,Using only (2),0
,,326,,,.072144508,,,23.44643,,2344.6431,2344,.0022222223,0,Using only (2),0
,,327,,,.072142586,,,23.518574,,2351.8574,2351,.0033333334,.0011111111,Using only (2),.015401598
,,329,,,.072142586,,,23.662859,,2366.2859,2366,.0033333334,0,Using only (2),0
,,330,,,.072142586,,,23.735001,,2373.5,2373,.0033333334,0,Using only (2),0
,,331,,,.072142586,,,23.807144,,2380.7144,2380,.0033333334,0,Using only (2),0
,,332,,,.072142586,,,23.879286,,2387.9285,2387,.0033333334,0,Using only (2),0
,,333,,,.072144508,,,23.951431,,2395.1431,2395,.0033333334,0,Using only (2),0
,,334,,,.072142586,,,24.023573,,2402.3572,2402,.0033333334,0,Using only (2),0
,,335,,,.072142586,,,24.095715,,2409.5715,2409,.0033333334,0,Using only (2),0
,,336,,,.072142586,,,24.167858,,2416.7859,2416,.0033333334,0,Using only (2),0
,,337,,,.072142586,,,24.24,,2424,2424,.0033333334,0,Using only (2),0
,,339,,,.072142586,,,24.384285,,2438.4285,2438,.0033333334,0,Using only (2),0
,,340,,,.072144508,,,24.45643,,2445.6431,2445,.0033333334,0,Using only (2),0
,,341,,,.072142586,,,24.528572,,2452.8572,2452,.0033333334,0,Using only (2),0
,,342,,,.072142586,,,24.600716,,2460.0715,2460,.0033333334,0,Using only (2),0
,,343,,,.072142586,,,24.672857,,2467.2856,2467,.0033333334,0,Using only (2),0
,,344,,,.072142586,,,24.745001,,2474.5,2474,.0033333334,0,Using only (2),0
,,345,,,.072142586,,,24.817142,,2481.7144,2481,.0033333334,0,Using only (2),0
,,346,,,.072142586,,,24.889286,,2488.9287,2488,.0033333334,0,Using only (2),0
,,347,,,.072144508,,,24.96143,,2496.1431,2496,.0033333334,0,Using only (2),0
,,348,,,.072142586,,,25.033573,,2503.3574,2503,.0033333334,0,Using only (2),0
,,349,,,.072142586,,,25.105715,,2510.5715,2510,.0044444446,.0011111111,Using only (2),.015401598
,,350,,,.072142586,,,25.177858,,2517.7859,2517,.0044444446,0,Using only (2),0
,,351,,,.072142586,,,25.25,,2525,2525,.0044444446,0,Using only (2),0
,,352,,,.072142586,,,25.322144,,2532.2144,2532,.0044444446,0,Using only (2),0
,,353,,,.072142586,,,25.394285,,2539.4285,2539,.0044444446,0,Using only (2),0
,,355,,,.072142586,,,25.538572,,2553.8572,2553,.0044444446,0,Using only (2),0
,,356,,,.072142586,,,25.610716,,2561.0715,2561,.0044444446,0,Using only (2),0
,,357,,,.072142586,,,25.682858,,2568.2856,2568,.0044444446,0,Using only (2),0
,,358,,,.072142586,,,25.755001,,2575.5,2575,.0055555557,.0011111111,Using only (2),.015401598
,,359,,,.072142586,,,25.827143,,2582.7144,2582,.0055555557,0,Using only (2),0
,,360,,,.072142586,,,25.899286,,2589.9287,2589,.0055555557,0,Using only (2),0
,,361,,,.072144508,,,25.97143,,2597.1431,2597,.0055555557,0,Using only (2),0
,,362,,,.072142586,,,26.043573,,2604.3574,2604,.0055555557,0,Using only (2),0
,,363,,,.072142586,,,26.115715,,2611.5715,2611,.0055555557,0,Using only (2),0
,,364,,,.072142586,,,26.187859,,2618.7859,2618,.0044444446,-.0011111111,Using only (2),-.015401598
,,365,,,.072142586,,,26.26,,2626,2626,.0033333334,-.0011111111,Using only (2),-.015401598
,,366,,,.072142586,,,26.332144,,2633.2144,2633,.0033333334,0,Using only (2),0
,,367,,,.072142586,,,26.404285,,2640.4285,2640,.0033333334,0,Using only (2),0
,,368,,,.072144508,,,26.476431,,2647.6431,2647,.0022222223,-.0011111111,Using only (2),-.015401188
,,370,,,.072142586,,,26.620716,,2662.0715,2662,.0022222223,0,Using only (2),0
,,371,,,.072142586,,,26.692858,,2669.2859,2669,.0022222223,0,Using only (2),0
,,372,,,.072142586,,,26.765001,,2676.5002,2676,.0022222223,0,Using only (2),0
,,374,,,.072142586,,,26.909286,,2690.9287,2690,.0022222223,0,Using only (2),0
,,375,,,.072144508,,,26.98143,,2698.1431,2698,.0022222223,0,Using only (2),0
,,376,,,.072142586,,,27.053574,,2705.3574,2705,.0022222223,0,Using only (2),0
,,377,,,.072142586,,,27.125715,,2712.5715,2712,.0033333334,.0011111111,Using only (2),.015401598
,,379,,,.072142586,,,27.27,,2727,2727,.0033333334,0,Using only (2),0
,,380,,,.072142586,,,27.342144,,2734.2144,2734,.0044444446,.0011111111,Using only (2),.015401598
,,381,,,.072142586,,,27.414286,,2741.4285,2741,.0044444446,0,Using only (2),0
,,382,,,.072144508,,,27.486431,,2748.6431,2748,.0044444446,0,Using only (2),0
,,383,,,.072142586,,,27.558573,,2755.8572,2755,.0044444446,0,Using only (2),0
,,384,,,.072142586,,,27.630716,,2763.0715,2763,.0044444446,0,Using only (2),0
,,385,,,.072142586,,,27.702858,,2770.2859,2770,.0044444446,0,Using only (2),0
,,386,,,.072142586,,,27.775002,,2777.5002,2777,.0033333334,-.0011111111,Using only (2),-.015401598
,,387,,,.072142586,,,27.847143,,2784.7144,2784,.0022222223,-.0011111111,Using only (2),-.015401598
,,388,,,.072142586,,,27.919287,,2791.9287,2791,.0033333334,.0011111111,Using only (2),.015401598
,,389,,,.072144508,,,27.99143,,2799.1431,2799,.0033333334,0,Using only (2),0
,,390,,,.072142586,,,28.063574,,2806.3574,2806,.0044444446,.0011111111,Using only (2),.015401598
,,391,,,.072142586,,,28.135715,,2813.5715,2813,.0044444446,0,Using only (2),0
,,392,,,.072142586,,,28.207859,,2820.7859,2820,.0044444446,0,Using only (2),0
,,393,,,.072142586,,,28.280001,,2828,2828,.0055555557,.0011111111,Using only (2),.015401598
,,394,,,.072142586,,,28.352144,,2835.2144,2835,.0055555557,0,Using only (2),0
,,396,,,.072144508,,,28.496431,,2849.6431,2849,.0055555557,0,Using only (2),0
,,397,,,.072142586,,,28.568573,,2856.8574,2856,.0055555557,0,Using only (2),0
,,398,,,.072142586,,,28.640717,,2864.0718,2864,.0055555557,0,Using only (2),0
,,399,,,.072142586,,,28.712858,,2871.2859,2871,.0055555557,0,Using only (2),0
,,400,,,.072142586,,,28.785002,,2878.5002,2878,.0055555557,0,Using only (2),0
,,402,,,.072142586,,,28.929287,,2892.9287,2892,.0055555557,0,Using only (2),0
,,403,,,.072144508,,,29.001431,,2900.1431,2900,.0055555557,0,Using only (2),0
,,404,,,.072142586,,,29.073574,,2907.3574,2907,.0055555557,0,Using only (2),0
,,405,,,.072142586,,,29.145716,,2914.5715,2914,.0066666668,.0011111111,Using only (2),.015401598
,,406,,,.072142586,,,29.217859,,2921.7859,2921,.0066666668,0,Using only (2),0
,,407,,,.072142586,,,29.290001,,2929,2929,.0066666668,0,Using only (2),0
,,408,,,.072142586,,,29.362144,,2936.2144,2936,.0066666668,0,Using only (2),0
,,410,,,.072144508,,,29.50643,,2950.6431,2950,.0066666668,0,Using only (2),0
,,411,,,.072142586,,,29.578573,,2957.8574,2957,.0066666668,0,Using only (2),0
,,412,,,.072142586,,,29.650715,,2965.0715,2965,.0066666668,0,Using only (2),0
,,413,,,.072142586,,,29.722858,,2972.2859,2972,.0066666668,0,Using only (2),0
,,414,,,.072142586,,,29.795,,2979.5,2979,.007777778,.0011111111,Using only (2),.015401598
,,415,,,.072142586,,,29.867144,,2986.7144,2986,.007777778,0,Using only (2),0
,,416,,,.072142586,,,29.939285,,2993.9285,2993,.007777778,0,Using only (2),0
,,417,,,.072144508,,,30.011431,,3001.1431,3001,.0088888891,.0011111111,Using only (2),.015401188
,,418,,,.072142586,,,30.083572,,3008.3572,3008,.0099999998,.0011111107,Using only (2),.015401592
,,419,,,.072142586,,,30.155716,,3015.5715,3015,.0088888891,-.0011111107,Using only (2),-.015401592
